Workbook

Sheet Sheet1
B2: =マスタ!F3 -> 中村芳朗
B3: =マスタ!F4 -> 中村治子
B4: =マスタ!F5 -> 松川正士
B5: =マスタ!F6 -> 和田薪
B6: =マスタ!F7 -> 平井進
B7: =マスタ!F8 -> 長谷川聰
B8: =マスタ!F9 -> 粟飯原功
B9: =マスタ!F10 -> 高橋正
B10: =マスタ!F11 -> 林信行
B11: =マスタ!F12 -> 町田恵資
B12: =マスタ!F13 -> 紺野建設
B13: =マスタ!F14 -> 遠山悦子
... B213: =マスタ!F214 -> 0

Sheet マスタ
A1: 駒寄町内会 会員名簿 (2026年06月02日現在) | J1: 避難 支援 | K1: 同居 家族
A2: 通番 | B2: 区 | C2: 班 | D2: No. | E2: 評議員 | F2: 氏名 ／ 屋号 | G2: 住所番地 | H2: 電 話 | I2: 備 考
A3: =ROW()-2 -> 1 | B3: 1 | C3: 1 | D3: =IF(AND(B2=B3,C2=C3),D2+1,1) -> 1 | F3: 中村芳朗 | G3: 6－1 | H3: 861－2770 | I3: 芳朗ﾖｼﾛｳ R8.2月(75) | J3: 要 | K3: 2
A4: =ROW()-2 -> 2 | B4: 1 | C4: 1 | D4: =IF(AND(B3=B4,C3=C4),D3+1,1) -> 2 | F4: 中村治子 | G4: 6－1 | H4: 861－2446 | I4: 治子ﾊﾙｺ R8.2月(81)S19.8.24 | J4: 不要 | K4: 0
A5: =ROW()-2 -> 3 | B5: 1 | C5: 1 | D5: =IF(AND(B4=B5,C4=C5),D4+1,1) -> 3 | F5: 松川正士 | G5: 6－1 | H5: 090-1779-5352 | I5: 正士ﾏｻｼ R8.2月(81)S19.3.31, 真美,妃由 | J5: 不要 | K5: 3 | L5: 861－2384
A6: =ROW()-2 -> 4 | B6: 1 | C6: 1 | D6: =IF(AND(B5=B6,C5=C6),D5+1,1) -> 4 | F6: 和田薪 | G6: 6－1 | H6: 861－2481 | I6: セラヴィ 京子R7(79)S21.7.5 | J6: 不要
A7: =ROW()-2 -> 5 | B7: 1 | C7: 1 | D7: =IF(AND(B6=B7,C6=C7),D6+1,1) -> 5 | F7: 平井進 | G7: 6－2 | H7: 861－3291 | I7: 進 R8.2月(78)S23.2.23 | J7: 不要 | K7: 0
A8: =ROW()-2 -> 6 | B8: 1 | C8: 1 | D8: =IF(AND(B7=B8,C7=C8),D7+1,1) -> 6 | F8: 長谷川聰 | G8: 6－2 | I8: H29.4～ 聰ｻﾄｼ S17.11.16(84) | J8: 不要 | K8: 0
A9: =ROW()-2 -> 7 | B9: 1 | C9: 1 | D9: =IF(AND(B8=B9,C8=C9),D8+1,1) -> 7 | F9: 粟飯原功 | G9: 6－2 | H9: 861－4015 | I9: R7(78)S23.1.19 | J9: 不要 | K9: 0
A10: =ROW()-2 -> 8 | B10: 1 | C10: 1 | D10: =IF(AND(B9=B10,C9=C10),D9+1,1) -> 8 | E10: ● | F10: 高橋正 | G10: 6－2 | H10: 861－0178 | I10: 正(R8.2月 62才)R3.評議員は「しのぶ」さん | J10: 不要 | K10: 2
A11: =ROW()-2 -> 9 | B11: 1 | C11: 1 | D11: =IF(AND(B10=B11,C10=C11),D10+1,1) -> 9 | F11: 林信行 | G11: 6－2 | H11: 090-3916-4588 | I11: H29.4(79)～ 046-854-9786 同居佐藤たい子R7(93)S6.11.6 | J11: 要 | K11: 2
A12: =ROW()-2 -> 10 | B12: 1 | C12: 1 | D12: =IF(AND(B11=B12,C11=C12),D11+1,1) -> 10 | F12: 町田恵資 | G12: 6－1 | H12: 046-861-1644 | I12: S44.5.26生 ※行事は不参加
A13: =ROW()-2 -> 11 | B13: 1 | C13: 2 | D13: =IF(AND(B11=B13,C11=C13),D11+1,1) -> 1 | F13: 紺野建設 | G13: 6－69 | H13: 861－3180 | J13: 不要
A14: =ROW()-2 -> 12 | B14: 1 | C14: 2 | D14: =IF(AND(B13=B14,C13=C14),D13+1,1) -> 2 | F14: 遠山悦子 | G14: 6－68 | H14: 861－3815 | I14: 悦子(r8.1月 60) R5.美代子さん逝去 | J14: 不要 | K14: 0
A15: =ROW()-2 -> 13 | B15: 1 | C15: 2 | D15: =IF(AND(B14=B15,C14=C15),D14+1,1) -> 3 | F15: 高瀬一 | G15: 6－69 | H15: 861－0509 | I15: 一ﾊｼﾞﾒR7(77)S23.9.22、幸子(80)S20.7.11、徹(?) | J15: 要 | K15: 6
A16: =ROW()-2 -> 14 | B16: 1 | C16: 2 | D16: =IF(AND(B15=B16,C15=C16),D15+1,1) -> 4 | F16: 齋藤勇 | G16: 6－68 | H16: 861－3823 | I16: 勇R8.2月(79)S21.8.4、ヨシ子(93)S6.1.2 | J16: 不要 | K16: 1
A17: =ROW()-2 -> 15 | B17: 1 | C17: 2 | D17: =IF(AND(B16=B17,C16=C17),D16+1,1) -> 5 | F17: 鍋田益男 | G17: 6－68片山303 | H17: 861－5959 | I17: 益男(88)S11.1.24、久枝(86)S14.2.16
A18: =ROW()-2 -> 16 | B18: 1 | C18: 2 | D18: =IF(AND(B17=B18,C17=C18),D17+1,1) -> 6 | F18: マミークリーニング | G18: 6－68 | H18: 861－1220
A19: =ROW()-2 -> 17 | B19: 1 | C19: 2 | D19: =IF(AND(B18=B19,C18=C19),D18+1,1) -> 7 | F19: 佐藤清 | G19: 6－69 | H19: 861－6235 | I19: H29.4～ 佐藤歯科（夜間不在） | J19: 不要 | K19: 0
A20: =ROW()-2 -> 18 | B20: 1 | C20: 2 | D20: =IF(AND(B19=B20,C19=C20),D19+1,1) -> 8 | E20: ● | F20: 戸村則登 | G20: 6－68-19 | H20: 090-6346-9518 | I20: R7.6月加入、S33.7.29生(67) | J20: 不要 | K20: 3
A21: =ROW()-2 -> 19 | B21: 1 | C21: 2 | D21: =IF(AND(B20=B21,C20=C21),D20+1,1) -> 9 | F21: 渡邊秀一 | G21: 6-69-12 | H21: 090-9328-7011 | I21: S62.5.30生(38) | J21: 不要 | K21: 1
A22: =ROW()-2 -> 20 | B22: 1 | C22: 3 | D22: =IF(AND(B19=B22,C19=C22),D19+1,1) -> 1 | F22: 佐久間明 | G22: 6－69 | H22: 861－3753 | I22: 明R8.2月(75)、満貴子ﾏｷｺ(?),均(090-9305-5987)梢(080-5078-6336),光,匠,楓 | J22: 不要 | K22: 7
A23: =ROW()-2 -> 21 | B23: 1 | C23: 3 | D23: =IF(AND(B22=B23,C22=C23),D22+1,1) -> 2 | F23: 鳥居スミヱ | G23: 6－77 | H23: 861－4993 | I23: 評議員は鳥居知加代 スミヱ(93)S7.5.31 | J23: 要 | K23: 1
A24: =ROW()-2 -> 22 | B24: 1 | C24: 3 | D24: =IF(AND(B23=B24,C23=C24),D23+1,1) -> 3 | F24: 渋江康弘 | G24: 6－77 | H24: 897－7032 | I24: 康弘ﾔｽﾋﾛR8.2月(82)S18.8.18、秀子ﾋﾃﾞｺ(79)S22.1.22 | J24: 不要 | K24: 1
A25: =ROW()-2 -> 23 | B25: 1 | C25: 3 | D25: =IF(AND(B24=B25,C24=C25),D24+1,1) -> 4 | E25: ● | F25: 石岡明憲 | G25: 6－77 | H25: 861－0925 | I25: (r8.1月 59) | J25: 不要 | K25: 1
A26: =ROW()-2 -> 24 | B26: 1 | C26: 3 | D26: =IF(AND(B25=B26,C25=C26),D25+1,1) -> 5 | F26: 中華料理成都 | G26: 6－77 | H26: 861－8060 | I26: 松本秀雄R8.2月(56) | J26: 不要 | K26: 1
A27: =ROW()-2 -> 25 | B27: 1 | C27: 3 | D27: =IF(AND(B26=B27,C26=C27),D26+1,1) -> 6 | F27: 武藤親弘 | G27: 6－76-4 | H27: 861－5829 | I27: 慎一R7(78)S22.4.25 親弘(R8.2月45歳, 090-7225-8149)敏恵,慎太郎,光次郎 | J27: 不要 | K27: 4
A28: =ROW()-2 -> 26 | B28: 1 | C28: 3 | D28: =IF(AND(B27=B28,C27=C28),D27+1,1) -> 7 | F28: 串一 | G28: 6－77 | H28: 861－2733 | I28: 中村太一 店舗 | J28: 不要
A29: =ROW()-2 -> 27 | B29: 1 | C29: 3 | D29: =IF(AND(B28=B29,C28=C29),D28+1,1) -> 8 | F29: AJITO中村みどり | G29: 6－77 | H29: 887－0676 | I29: 中村修一R8.2月(77)S23.10.15 店舗 | J29: 不要 | K29: 2
A30: =ROW()-2 -> 28 | B30: 1 | C30: 4 | D30: =IF(AND(B29=B30,C29=C30),D29+1,1) -> 1 | E30: ● | F30: 澤登武文 | G30: 6－75 | H30: 861－4214 | I30: 武文(R8.2月 56)R4 弘志さん逝去 | J30: 不要 | K30: 2
A31: =ROW()-2 -> 29 | B31: 1 | C31: 4 | D31: =IF(AND(B30=B31,C30=C31),D30+1,1) -> 2 | F31: 秋山芳美 | G31: 6－74 | H31: 861－7234 | I31: 芳美(R8.2月 57) | J31: 不要 | K31: 4
A32: =ROW()-2 -> 30 | B32: 1 | C32: 4 | D32: =IF(AND(B31=B32,C31=C32),D31+1,1) -> 3 | F32: 櫻井治 | G32: 6－74 | H32: 861－2490 | I32: 治ｵｻﾑR7(76)S24.2.2・美保子ﾐﾎｺ(76)S24.11.4 | J32: 不要 | K32: 3
A33: =ROW()-2 -> 31 | B33: 1 | C33: 4 | D33: =IF(AND(B32=B33,C32=C33),D32+1,1) -> 4 | F33: 松永彰 | G33: 6－74 | H33: 861－2132 | I33: プレミール 彰ｱｷﾗR7(75)、正子(?) | J33: 不要 | K33: 1
A34: =ROW()-2 -> 32 | B34: 1 | C34: 4 | D34: =IF(AND(B33=B34,C33=C34),D33+1,1) -> 5 | F34: 橋本勇 | G34: 6－74 | H34: 861－2905 | I34: 勇ｲｻﾑR7(80)S20.5.18・愛子(79)S21.8.9 | J34: 不要 | K34: 3
A35: =ROW()-2 -> 33 | B35: 1 | C35: 4 | D35: =IF(AND(B34=B35,C34=C35),D34+1,1) -> 6 | F35: 瀧下なつみ | G35: 6－75 | H35: 080-5417-6576 | I35: なつみ(R8.2月 30) R1.4〜スズサンマンション302, 礼 | J35: 不要 | K35: 2
A36: =ROW()-2 -> 34 | B36: 1 | C36: 5 | D36: =IF(AND(B35=B36,C35=C36),D35+1,1) -> 1 | F36: 鈴木洋一 | G36: 6－66－４ G3 | H36: 090-8506-2232 | I36: 102号室 洋一(R8.2月55歳)（861-8656 or 4686）評議員は宣子,理沙,玲奈 | J36: 不要 | K36: 5
A37: =ROW()-2 -> 35 | B37: 1 | C37: 5 | D37: =IF(AND(B36=B37,C36=C37),D36+1,1) -> 2 | E37: ● | F37: 首藤睦 | G37: 6－66－４ G3 | H37: 861－9056 | I37: 203号室 睦(R8.2月56歳) | J37: 不要 | K37: 1
A38: =ROW()-2 -> 36 | B38: 1 | C38: 5 | D38: =IF(AND(B37=B38,C37=C38),D37+1,1) -> 3 | F38: 大野誠治 | G38: 6－66－４ G3 | H38: 861－8652 | I38: 403号室 誠治(R8.2月 61歳), 優李亜 | J38: 不要 | K38: 1
A39: =ROW()-2 -> 37 | B39: 1 | C39: 6 | D39: =IF(AND(B38=B39,C38=C39),D38+1,1) -> 1 | F39: 青山啓二 | G39: 6－66 | H39: 861－3697 | I39: 啓二(R8.2月 73歳), 順子ｼﾞｭﾝｺR7(75) | J39: 不要 | K39: 2
A40: =ROW()-2 -> 38 | B40: 1 | C40: 6 | D40: =IF(AND(B39=B40,C39=C40),D39+1,1) -> 2 | F40: 西田善隆 | G40: 6－70 | H40: 861－6352 | I40: 善隆R8.2月(54) | J40: 不要 | K40: 1
A41: =ROW()-2 -> 39 | B41: 1 | C41: 6 | D41: =IF(AND(B40=B41,C40=C41),D40+1,1) -> 3 | F41: 渡戸正志 | G41: 6－70 | H41: 861－8128 | I41: 渡戸正志ﾜﾀﾄﾞﾏｻｼR7(78)S22.7.1、清美(?) | J41: 要 | K41: 1
A42: =ROW()-2 -> 40 | B42: 1 | C42: 6 | D42: =IF(AND(B41=B42,C41=C42),D41+1,1) -> 4 | E42: ● | F42: 冨田剛 | G42: 6-63-27 | H42: 090-7828-7469 | I42: H31.1-, 剛(R8.2月40歳),綾乃,鈴,昇 | J42: 不要 | K42: 4
A43: =ROW()-2 -> 41 | B43: 1 | C43: 6 | D43: =IF(AND(B42=B43,C42=C43),D42+1,1) -> 5 | F43: 堀井広樹 | G43: 6-63-7 | H43: 090-3406-1011 | I43: R1.5〜 広樹(R8.2月35歳) | J43: 不要 | K43: 4
A44: =ROW()-2 -> 42 | B44: 1 | C44: 6 | D44: =IF(AND(B43=B44,C43=C44),D43+1,1) -> 6 | F44: 菊池崇広 | G44: 6-47-54 | H44: 090-8585-0686 | I44: R7.2加入〜 ﾀｶﾋﾛ(1993.10.4生) | J44: 不要 | K44: 3
A45: =ROW()-2 -> 43 | B45: 1 | C45: 6 | D45: =IF(AND(B44=B45,C44=C45),D44+1,1) -> 7 | F45: 冨松良紀 | G45: 6-47-28 | H45: 090-4537-8236 | I45: R7.4加入 1998.5月生(27)（橘鷹さん孫）愛海,ひまり | J45: 不要 | K45: 4
A46: =ROW()-2 -> 44 | B46: 1 | C46: 7 | D46: =IF(AND(B43=B46,C43=C46),D43+1,1) -> 1 | F46: 山合行之 | G46: 6－70 | H46: 861－8640 | I46: 行之ｺｳｼ(R8.2月73歳)、博美ﾋﾛﾐ | J46: 不要 | K46: 1
A47: =ROW()-2 -> 45 | B47: 1 | C47: 7 | D47: =IF(AND(B46=B47,C46=C47),D46+1,1) -> 2 | E47: ● | F47: 鈴木啓次 | G47: 6－70 | H47: 861－6138 | I47: 啓次(R8.2月 68歳) | J47: 不要 | K47: 2
A48: =ROW()-2 -> 46 | B48: 1 | C48: 7 | D48: =IF(AND(B47=B48,C47=C48),D47+1,1) -> 3 | F48: 宮野弘明 | G48: 6－62 | H48: 861－4059 | I48: 弘明R8.2月(70), 正子, 評議員は「道子」さん？ | J48: 不要 | K48: 0
A49: =ROW()-2 -> 47 | B49: 1 | C49: 7 | D49: =IF(AND(B48=B49,C48=C49),D48+1,1) -> 4 | F49: 小野怜子 | G49: 6－62 | H49: 861－2375 | I49: 怜子R8.2月(81)S20.3.10 | J49: 不要 | K49: 0
A50: =ROW()-2 -> 48 | B50: 1 | C50: 7 | D50: =IF(AND(B49=B50,C49=C50),D49+1,1) -> 5 | F50: 中村未紀 | G50: 6－70 | H50: 090-7227-0266 | I50: R3.12月加入//S43.4.23生(57) | J50: 不要 | K50: 1
A51: =ROW()-2 -> 49 | B51: 1 | C51: 8 | D51: =IF(AND(B50=B51,C50=C51),D50+1,1) -> 1 | E51: ● | F51: 齋藤智子 | G51: 6－67 | H51: 861－4325 | I51: R3.評議員は「智子R8.2月(72)」さん 良一R7(75)逝去 | J51: 不要 | K51: 0
A52: =ROW()-2 -> 50 | B52: 1 | C52: 8 | D52: =IF(AND(B51=B52,C51=C52),D51+1,1) -> 2 | F52: 齋藤和枝 | G52: 6－67 | H52: 861－1010 | I52: H29.4～ 和枝(80)S20.4.17・礼子(77)S23.1.22 | J52: 要 | K52: 2
A53: =ROW()-2 -> 51 | B53: 1 | C53: 8 | D53: =IF(AND(B52=B53,C52=C53),D52+1,1) -> 3 | F53: 溝口美代子 | G53: 6－66 | H53: 861－3965 | I53: 美代子R7(79)S21.12.13 | J53: 要 | K53: 0
A54: =ROW()-2 -> 52 | B54: 1 | C54: 8 | D54: =IF(AND(B53=B54,C53=C54),D53+1,1) -> 4 | F54: 宮川正子 | G54: 6－65 | H54: 861－0881 | I54: 正子ﾏｻｺR7(77)S22.7.15 ※留守多し
A55: =ROW()-2 -> 53 | B55: 1 | C55: 8 | D55: =IF(AND(B54=B55,C54=C55),D54+1,1) -> 5 | F55: 佐々木由香里 | G55: 6－65 | H55: 070-1226-1130 | I55: 由香里r8.2月(42), 梨々華,藍來 | J55: 要 | K55: 2
A56: =ROW()-2 -> 54 | B56: 1 | C56: 8 | D56: =IF(AND(B55=B56,C55=C56),D55+1,1) -> 6 | F56: 橘鷹裕介 | G56: 6－63－10 | H56: 861－2969 | I56: 評議員は「節子」さん 裕介R8.2月(48),節子R7(76)S24.2.27、在彩 | J56: 不要 | K56: 3
A57: =ROW()-2 -> 55 | B57: 1 | C57: 8 | D57: =IF(AND(B56=B57,C56=C57),D56+1,1) -> 7 | F57: 玉田義輝 | G57: 6－63 | H57: 090-8778-2829 | I57: 評議員は「優子」さん, 義輝R8.2月(52),輝優,哲輝 | J57: 不要 | K57: 3
A58: =ROW()-2 -> 56 | B58: 1 | C58: 9 | D58: =IF(AND(B57=B58,C57=C58),D57+1,1) -> 1 | F58: 金子勲 | G58: 6－63 | H58: 861－3586 | I58: 評議員は「尚子」さん 勲R8.2月(92)S9.1.10 | J58: 不要 | K58: 5
A59: =ROW()-2 -> 57 | B59: 1 | C59: 9 | D59: =IF(AND(B58=B59,C58=C59),D58+1,1) -> 2 | F59: 松本弘子 | G59: 6－63 | H59: 861－4055 | I59: 評議員は妹の：加瀬和子S24.1.28 ※祭礼寄付は加瀬さん | J59: 不要 | K59: 0 | L59: 加瀬和子
A60: =ROW()-2 -> 58 | B60: 1 | C60: 9 | D60: =IF(AND(B59=B60,C59=C60),D59+1,1) -> 3 | F60: 関口香奈 | G60: 6－63 | H60: 861－0304 | I60: 桑名須美枝 関口香奈R8.2月(64)：090-6047-4874 | J60: 不要 | K60: 1
A61: =ROW()-2 -> 59 | B61: 1 | C61: 9 | D61: =IF(AND(B60=B61,C60=C61),D60+1,1) -> 4 | F61: 藤田範男 | G61: 6－64 | H61: 861－4047 | I61: 範男R8.2月(68),ユキエR7(94)S6.7.28-2025逝去 | J61: 不要 | K61: 2
A62: =ROW()-2 -> 60 | B62: 1 | C62: 9 | D62: =IF(AND(B61=B62,C61=C62),D61+1,1) -> 5 | F62: 前田清孝 | G62: 6－64 | H62: 861－6619 | I62: 清孝(68) | J62: 不要 | K62: 0
A63: =ROW()-2 -> 61 | B63: 1 | C63: 9 | D63: =IF(AND(B62=B63,C62=C63),D62+1,1) -> 6 | E63: ● | F63: 高島秀夫 | G63: 6－64 | H63: 861－8908 | I63: 秀夫R8.2月(74), 佳子ｹｲｺ | J63: 不要 | K63: 3
A64: =ROW()-2 -> 62 | B64: 1 | C64: 9 | D64: =IF(AND(B63=B64,C63=C64),D63+1,1) -> 7 | F64: 桐生勝巳 | G64: 6－65 | H64: 090-1604-7097 | I64: 勝巳R8.2月(61),H31.4～ 菊池篤子ｱﾂｺR7(82)S18.1.2, 千鶴子,実咲 | J64: 要 | K64: 4
A65: =ROW()-2 -> 63 | B65: 1 | C65: 9 | D65: =IF(AND(B64=B65,C64=C65),D64+1,1) -> 8 | F65: 前田拓也 | G65: 6－65 | H65: 090-1698-7304 | I65: H31.4～(34),涼子,恵梨絵,茉莉恵 | J65: 不要 | K65: 4
A66: =ROW()-2 -> 64 | B66: 1 | C66: 9 | D66: =IF(AND(B65=B66,C65=C66),D65+1,1) -> 9 | F66: 竹本久子 | G66: 6－65 | H66: 090-2426-5722 | I66: R5.8月入会 1954.1.6生(72) 三角 | J66: 不要 | K66: 0
A67: =ROW()-2 -> 65 | B67: 1 | C67: 10 | D67: =IF(AND(B65=B67,C65=C67),D65+1,1) -> 1 | F67: 須田昭 | G67: 6－3 | H67: 861－0046
A68: =ROW()-2 -> 66 | B68: 1 | C68: 10 | D68: =IF(AND(B67=B68,C67=C68),D67+1,1) -> 2 | E68: ● | F68: 福寿早苗 | G68: 6－6 | H68: 861－5768 | I68: 早苗R8(82)S19.1.2 | J68: 要 | K68: 2
A69: =ROW()-2 -> 67 | B69: 1 | C69: 10 | D69: =IF(AND(B68=B69,C68=C69),D68+1,1) -> 3 | F69: 小山米子 | G69: 6－6 | H69: 861－6556 | I69: 米子R8(87)S13.3.29 | J69: 要 | K69: 1
A70: =ROW()-2 -> 68 | B70: 1 | C70: 10 | D70: =IF(AND(B69=B70,C69=C70),D69+1,1) -> 4 | F70: 須田公子 | G70: 6－6 | H70: 861－4475 | I70: R4.評議員は「重光隆子」さん 090-5508-6158 公子R7(93)S7.3.18 | J70: 不要 | K70: 3
A71: =ROW()-2 -> 69 | B71: 1 | C71: 10 | D71: =IF(AND(B70=B71,C70=C71),D70+1,1) -> 5 | F71: 牧野ビル | I71: R6.4月～※回覧不要（町内会費3,600円のみ）
A72: =ROW()-2 -> 70 | B72: 1 | C72: 10 | D72: =IF(AND(B71=B72,C71=C72),D71+1,1) -> 6 | F72: 井岡拓也 | G72: 6－6－5 | H72: 070-5601-3998 | I72: 拓也1993.7.20生R8(32) 2026.1月加入 ※R8乳児 | J72: 要 | K72: 2
A73: =ROW()-2 -> 71 | B73: 1 | C73: 11 | D73: =IF(AND(B70=B73,C70=C73),D70+1,1) -> 1 | F73: 渡邊幾子 | G73: 6－68-14 G2 | H73: 861－5160 | I73: 901号室 渡邊幾子ｲｸｺR8(90)S11.1.5 ※長女,葉山在住 | J73: 要 | K73: 0
A74: =ROW()-2 -> 72 | B74: 1 | C74: 11 | D74: =IF(AND(B73=B74,C73=C74),D73+1,1) -> 2 | F74: 乾タヅ子 | G74: 6－68-14 G2 | H74: 861－6386 | I74: 902号室 タヅ子R7(79)S21.9.5 | J74: 不要 | K74: 1
A75: =ROW()-2 -> 73 | B75: 1 | C75: 11 | D75: =IF(AND(B74=B75,C74=C75),D74+1,1) -> 3 | F75: 矢部謙三 | G75: 6－68-14 G2 | H75: 861－8012 | I75: 801号室 謙三R7(88)S12.9.1 | J75: 不要
A76: =ROW()-2 -> 74 | B76: 1 | C76: 11 | D76: =IF(AND(B75=B76,C75=C76),D75+1,1) -> 4 | F76: 千葉幸代 | G76: 6－68-14 G2 | H76: 861－8988 | I76: 802号室 ※祭礼寄付の意志なし
A77: =ROW()-2 -> 75 | B77: 1 | C77: 11 | D77: =IF(AND(B76=B77,C76=C77),D76+1,1) -> 5 | F77: 杉澤知美 | G77: 6－68-14 G2 | H77: 861－5071 | I77: 701号室（久貝⇒杉澤）知美R8.2月(58)090-1539-9137 | J77: 不要 | K77: 2
A78: =ROW()-2 -> 76 | B78: 1 | C78: 11 | D78: =IF(AND(B77=B78,C77=C78),D77+1,1) -> 6 | F78: 伊藤健二 | G78: 6－68-14 G2 | I78: 702号室 健二R8.2月(73) 明美S14.1.1 | J78: 不要 | K78: 1
A79: =ROW()-2 -> 77 | B79: 1 | C79: 11 | D79: =IF(AND(B78=B79,C78=C79),D78+1,1) -> 7 | F79: 荒井照男 | G79: 6－68-14 G2 | H79: 046-848－5127 | I79: 703号室 照男R8.2月(62) | J79: 不要 | K79: 4
A80: =ROW()-2 -> 78 | B80: 1 | C80: 11 | D80: =IF(AND(B79=B80,C79=C80),D79+1,1) -> 8 | E80: ● | F80: 佐々木宏子 | G80: 6－68-14 G2 | I80: 601号室 宏子R8.2月(70) | J80: 不要 | K80: 0
A81: =ROW()-2 -> 79 | B81: 1 | C81: 11 | D81: =IF(AND(B80=B81,C80=C81),D80+1,1) -> 9 | F81: 佐々木雅浩 | G81: 6－68-14 G2 | H81: 861－7531 | I81: 603号室 雅浩R8.2月(57),啓子、雅史,里菜 | J81: 不要 | K81: 4
A82: =ROW()-2 -> 80 | B82: 1 | C82: 12 | D82: =IF(AND(B81=B82,C81=C82),D81+1,1) -> 1 | F82: 森良枝 | G82: 6－68-14 G2 | H82: 861－2322 | I82: 501号室 良枝S22.12.18(78) | J82: 不要 | K82: 0
A83: =ROW()-2 -> 81 | B83: 1 | C83: 12 | D83: =IF(AND(B82=B83,C82=C83),D82+1,1) -> 2 | E83: ● | F83: 千葉満 | G83: 6－68-14 G2 | I83: 502号室 満R8.2月(49) | J83: 不要 | K83: 0
A84: =ROW()-2 -> 82 | B84: 1 | C84: 12 | D84: =IF(AND(B83=B84,C83=C84),D83+1,1) -> 3 | F84: 鎌田智士 | G84: 6－68-14 G2 | H84: 090-7416-4378 | I84: 503号室 智士R8.2月(40) | J84: 不要 | K84: 0
A85: =ROW()-2 -> 83 | B85: 1 | C85: 12 | D85: =IF(AND(B84=B85,C84=C85),D84+1,1) -> 4 | F85: 古川孝一 | G85: 6－68-14 G2 | H85: 080-5694-8317 | I85: 504号室 R.7.3月加入 1964.8.20生(61) | J85: 不要 | K85: 1
A86: =ROW()-2 -> 84 | B86: 1 | C86: 12 | D86: =IF(AND(B85=B86,C85=C86),D85+1,1) -> 5 | F86: 杉森正博 | G86: 6－68-14 G2 | H86: 861－1736 | I86: 401号室 正博R8.2月(72) | J86: 要 | K86: 2
A87: =ROW()-2 -> 85 | B87: 1 | C87: 12 | D87: =IF(AND(B86=B87,C86=C87),D86+1,1) -> 6 | F87: 山口明良 | G87: 6－68-14 G2 | H87: 861－4840 | I87: 402号室 明良R8.2月(59), 評議員は「知佐子」さん？、珠未 | J87: 不要 | K87: 1
A88: =ROW()-2 -> 86 | B88: 1 | C88: 12 | D88: =IF(AND(B87=B88,C87=C88),D87+1,1) -> 7 | F88: 齋藤耕平 | G88: 6－68-14 G2 | H88: 080-3414-7545 | I88: 403号室 耕平R8.2月(41), 知美(080-3525-1135) | J88: 要 | K88: 3 | L88: 子供留守番あり
A89: =ROW()-2 -> 87 | B89: 1 | C89: 12 | D89: =IF(AND(B88=B89,C88=C89),D88+1,1) -> 8 | F89: 小田切幸男 | G89: 6－68-14 G2 | I89: 404号室 幸男S23.12.23(77) | J89: 要 | K89: 0 | L89: 訪問土日希望
A90: =ROW()-2 -> 88 | B90: 1 | C90: 12 | D90: =IF(AND(B89=B90,C89=C90),D89+1,1) -> 9 | F90: 矢畑進 | G90: 6－68-14 G2 | H90: 861－4220 | I90: 301号室 進R8.2月(56),サチ子、真那斗 | J90: 不要 | K90: 3
A91: =ROW()-2 -> 89 | B91: 1 | C91: 12 | D91: =IF(AND(B90=B91,C90=C91),D90+1,1) -> 10 | F91: 杉山政臣 | G91: 6－68-14 G2 | I91: 302号室 政臣R8.2月(38), 裕子,ひなた,瑛汰(10),敬汰 | J91: 要 | K91: 5 | L91: 瑛汰,放課後ひとりのことあり。
A92: =ROW()-2 -> 90 | B92: 1 | C92: 12 | D92: =IF(AND(B91=B92,C91=C92),D91+1,1) -> 11 | F92: 丸茂治彦 | G92: 6－68-14 G2 | H92: 861－8630 | I92: 303号室 治彦R8.2月(59) R3.評議員は「安岐子」さん, 舜弥,瞭太 | J92: 不要 | K92: 4
A93: =ROW()-2 -> 91 | B93: 1 | C93: 12 | D93: =IF(AND(B92=B93,C92=C93),D92+1,1) -> 12 | F93: 山岸靖子 | G93: 6－68-14 G2 | H93: 854－9148 | I93: 304号室 靖子R8.2月(72) | J93: 不要 | K93: 0
A94: =ROW()-2 -> 92 | B94: 1 | C94: 12 | D94: =IF(AND(B93=B94,C93=C94),D93+1,1) -> 13 | F94: 渡邉健志 | G94: 6－68-14 G2 | H94: 090-6633-4707 | I94: 201号室 健志R8.2月(42),妻「聖子」さん 2025.10月加入 | J94: 不要 | K94: 4
A95: =ROW()-2 -> 93 | B95: 1 | C95: 12 | D95: =IF(AND(B94=B95,C94=C95),D94+1,1) -> 14 | F95: 高橋昭仁 | G95: 6－68-14 G2 | H95: 861－5004 | I95: 202号室 昭仁R8.2月(65),評議員は「由美子」さん | J95: 不要 | K95: 1
A96: =ROW()-2 -> 94 | B96: 1 | C96: 12 | D96: =IF(AND(B95=B96,C95=C96),D95+1,1) -> 15 | F96: 雨海正男 | G96: 6－68-14 G2 | H96: 861－8916 | I96: 203号室 雨海正男ｱﾏｶﾞｲﾏｻｵR8.2月(74) | J96: 不要 | K96: 3
A97: =ROW()-2 -> 95 | B97: 1 | C97: 12 | D97: =IF(AND(B96=B97,C96=C97),D96+1,1) -> 16 | F97: 高橋博満 | G97: 6－68-14 G2 | H97: 861－5953 | I97: 204号室 博満R8.2月(62) | J97: 不要 | K97: 2
A98: =ROW()-2 -> 96 | B98: 2 | C98: 1 | D98: =IF(AND(B97=B98,C97=C98),D97+1,1) -> 1 | E98: ● | F98: 森田眞由美 | G98: 6－7 | H98: 861－7670 | I98: 眞由美R8.2月(67), 正子ﾏｻｺR7(92)S7.10.23-2025逝去 | J98: 不要 | K98: 0
A99: =ROW()-2 -> 97 | B99: 2 | C99: 1 | D99: =IF(AND(B98=B99,C98=C99),D98+1,1) -> 2 | F99: 森田章裕 | G99: 6－10 | H99: 080-1057-0799 | I99: 章裕R8.2月(40),評議員は「恵」(090-4525-3059)さん 裕翔, 柚芽 | J99: 要 | K99: 5
A100: =ROW()-2 -> 98 | B100: 2 | C100: 1 | D100: =IF(AND(B99=B100,C99=C100),D99+1,1) -> 3 | F100: 小澤正行 | G100: 6－8 | H100: 861－0783 | I100: 正行R8.2月(66), 紀子R7(70以上) | J100: 不要 | K100: 1
...

Sheet 2026-0602
A1: 駒寄町内会 会員名簿 (2026年06月02日現在) | J1: 避難 支援 | K1: 同居 家族
A2: 通番 | B2: 区 | C2: 班 | D2: No. | E2: 評議員 | F2: 氏名 ／ 屋号 | G2: 住所番地 | H2: 電 話 | I2: 備 考
A3: =ROW()-2 -> 1 | B3: 1 | C3: 1 | D3: =IF(AND(B2=B3,C2=C3),D2+1,1) -> 1 | F3: 中村芳朗 | G3: 6－1 | H3: 861－2770 | I3: 芳朗ﾖｼﾛｳ R8.2月(75) | J3: 要 | K3: 2
A4: =ROW()-2 -> 2 | B4: 1 | C4: 1 | D4: =IF(AND(B3=B4,C3=C4),D3+1,1) -> 2 | F4: 中村治子 | G4: 6－1 | H4: 861－2446 | I4: 治子ﾊﾙｺ R8.2月(81)S19.8.24 | J4: 不要 | K4: 0
A5: =ROW()-2 -> 3 | B5: 1 | C5: 1 | D5: =IF(AND(B4=B5,C4=C5),D4+1,1) -> 3 | F5: 松川正士 | G5: 6－1 | H5: 090-1779-5352 | I5: 正士ﾏｻｼ R8.2月(81)S19.3.31, 真美,妃由 | J5: 不要 | K5: 3 | L5: 861－2384
A6: =ROW()-2 -> 4 | B6: 1 | C6: 1 | D6: =IF(AND(B5=B6,C5=C6),D5+1,1) -> 4 | F6: 和田薪 | G6: 6－1 | H6: 861－2481 | I6: セラヴィ 京子R7(79)S21.7.5 | J6: 不要
A7: =ROW()-2 -> 5 | B7: 1 | C7: 1 | D7: =IF(AND(B6=B7,C6=C7),D6+1,1) -> 5 | F7: 平井進 | G7: 6－2 | H7: 861－3291 | I7: 進 R8.2月(78)S23.2.23 | J7: 不要 | K7: 0
A8: =ROW()-2 -> 6 | B8: 1 | C8: 1 | D8: =IF(AND(B7=B8,C7=C8),D7+1,1) -> 6 | F8: 長谷川聰 | G8: 6－2 | I8: H29.4～ 聰ｻﾄｼ S17.11.16(84) | J8: 不要 | K8: 0
A9: =ROW()-2 -> 7 | B9: 1 | C9: 1 | D9: =IF(AND(B8=B9,C8=C9),D8+1,1) -> 7 | F9: 粟飯原功 | G9: 6－2 | H9: 861－4015 | I9: R7(78)S23.1.19 | J9: 不要 | K9: 0
A10: =ROW()-2 -> 8 | B10: 1 | C10: 1 | D10: =IF(AND(B9=B10,C9=C10),D9+1,1) -> 8 | E10: ● | F10: 高橋正 | G10: 6－2 | H10: 861－0178 | I10: 正(R8.2月 62才)R3.評議員は「しのぶ」さん | J10: 不要 | K10: 2
A11: =ROW()-2 -> 9 | B11: 1 | C11: 1 | D11: =IF(AND(B10=B11,C10=C11),D10+1,1) -> 9 | F11: 林信行 | G11: 6－2 | H11: 090-3916-4588 | I11: H29.4(79)～ 046-854-9786 同居佐藤たい子R7(93)S6.11.6 | J11: 要 | K11: 2
A12: =ROW()-2 -> 10 | B12: 1 | C12: 1 | D12: =IF(AND(B11=B12,C11=C12),D11+1,1) -> 10 | F12: 町田恵資 | G12: 6－1 | H12: 046-861-1644 | I12: S44.5.26生 ※行事は不参加
A13: =ROW()-2 -> 11 | B13: 1 | C13: 2 | D13: =IF(AND(B11=B13,C11=C13),D11+1,1) -> 1 | F13: 紺野建設 | G13: 6－69 | H13: 861－3180 | J13: 不要
A14: =ROW()-2 -> 12 | B14: 1 | C14: 2 | D14: =IF(AND(B13=B14,C13=C14),D13+1,1) -> 2 | F14: 遠山悦子 | G14: 6－68 | H14: 861－3815 | I14: 悦子(r8.1月 60) R5.美代子さん逝去 | J14: 不要 | K14: 0
A15: =ROW()-2 -> 13 | B15: 1 | C15: 2 | D15: =IF(AND(B14=B15,C14=C15),D14+1,1) -> 3 | F15: 高瀬一 | G15: 6－69 | H15: 861－0509 | I15: 一ﾊｼﾞﾒR7(77)S23.9.22、幸子(80)S20.7.11、徹(?) | J15: 要 | K15: 6
A16: =ROW()-2 -> 14 | B16: 1 | C16: 2 | D16: =IF(AND(B15=B16,C15=C16),D15+1,1) -> 4 | F16: 齋藤勇 | G16: 6－68 | H16: 861－3823 | I16: 勇R8.2月(79)S21.8.4、ヨシ子(93)S6.1.2 | J16: 不要 | K16: 1
A17: =ROW()-2 -> 15 | B17: 1 | C17: 2 | D17: =IF(AND(B16=B17,C16=C17),D16+1,1) -> 5 | F17: 鍋田益男 | G17: 6－68片山303 | H17: 861－5959 | I17: 益男(88)S11.1.24、久枝(86)S14.2.16
A18: =ROW()-2 -> 16 | B18: 1 | C18: 2 | D18: =IF(AND(B17=B18,C17=C18),D17+1,1) -> 6 | F18: マミークリーニング | G18: 6－68 | H18: 861－1220
A19: =ROW()-2 -> 17 | B19: 1 | C19: 2 | D19: =IF(AND(B18=B19,C18=C19),D18+1,1) -> 7 | F19: 佐藤清 | G19: 6－69 | H19: 861－6235 | I19: H29.4～ 佐藤歯科（夜間不在） | J19: 不要 | K19: 0
A20: =ROW()-2 -> 18 | B20: 1 | C20: 2 | D20: =IF(AND(B19=B20,C19=C20),D19+1,1) -> 8 | E20: ● | F20: 戸村則登 | G20: 6－68-19 | H20: 090-6346-9518 | I20: R7.6月加入、S33.7.29生(67) | J20: 不要 | K20: 3
A21: =ROW()-2 -> 19 | B21: 1 | C21: 2 | D21: =IF(AND(B20=B21,C20=C21),D20+1,1) -> 9 | F21: 渡邊秀一 | G21: 6-69-12 | H21: 090-9328-7011 | I21: S62.5.30生(38) | J21: 不要 | K21: 1
A22: =ROW()-2 -> 20 | B22: 1 | C22: 3 | D22: =IF(AND(B19=B22,C19=C22),D19+1,1) -> 1 | F22: 佐久間明 | G22: 6－69 | H22: 861－3753 | I22: 明R8.2月(75)、満貴子ﾏｷｺ(?),均(090-9305-5987)梢(080-5078-6336),光,匠,楓 | J22: 不要 | K22: 7
A23: =ROW()-2 -> 21 | B23: 1 | C23: 3 | D23: =IF(AND(B22=B23,C22=C23),D22+1,1) -> 2 | F23: 鳥居スミヱ | G23: 6－77 | H23: 861－4993 | I23: 評議員は鳥居知加代 スミヱ(93)S7.5.31 | J23: 要 | K23: 1
A24: =ROW()-2 -> 22 | B24: 1 | C24: 3 | D24: =IF(AND(B23=B24,C23=C24),D23+1,1) -> 3 | F24: 渋江康弘 | G24: 6－77 | H24: 897－7032 | I24: 康弘ﾔｽﾋﾛR8.2月(82)S18.8.18、秀子ﾋﾃﾞｺ(79)S22.1.22 | J24: 不要 | K24: 1
A25: =ROW()-2 -> 23 | B25: 1 | C25: 3 | D25: =IF(AND(B24=B25,C24=C25),D24+1,1) -> 4 | E25: ● | F25: 石岡明憲 | G25: 6－77 | H25: 861－0925 | I25: (r8.1月 59) | J25: 不要 | K25: 1
A26: =ROW()-2 -> 24 | B26: 1 | C26: 3 | D26: =IF(AND(B25=B26,C25=C26),D25+1,1) -> 5 | F26: 中華料理成都 | G26: 6－77 | H26: 861－8060 | I26: 松本秀雄R8.2月(56) | J26: 不要 | K26: 1
A27: =ROW()-2 -> 25 | B27: 1 | C27: 3 | D27: =IF(AND(B26=B27,C26=C27),D26+1,1) -> 6 | F27: 武藤親弘 | G27: 6－76-4 | H27: 861－5829 | I27: 慎一R7(78)S22.4.25 親弘(R8.2月45歳, 090-7225-8149)敏恵,慎太郎,光次郎 | J27: 不要 | K27: 4
A28: =ROW()-2 -> 26 | B28: 1 | C28: 3 | D28: =IF(AND(B27=B28,C27=C28),D27+1,1) -> 7 | F28: 串一 | G28: 6－77 | H28: 861－2733 | I28: 中村太一 店舗 | J28: 不要
A29: =ROW()-2 -> 27 | B29: 1 | C29: 3 | D29: =IF(AND(B28=B29,C28=C29),D28+1,1) -> 8 | F29: AJITO中村みどり | G29: 6－77 | H29: 887－0676 | I29: 中村修一R8.2月(77)S23.10.15 店舗 | J29: 不要 | K29: 2
A30: =ROW()-2 -> 28 | B30: 1 | C30: 4 | D30: =IF(AND(B29=B30,C29=C30),D29+1,1) -> 1 | E30: ● | F30: 澤登武文 | G30: 6－75 | H30: 861－4214 | I30: 武文(R8.2月 56)R4 弘志さん逝去 | J30: 不要 | K30: 2
A31: =ROW()-2 -> 29 | B31: 1 | C31: 4 | D31: =IF(AND(B30=B31,C30=C31),D30+1,1) -> 2 | F31: 秋山芳美 | G31: 6－74 | H31: 861－7234 | I31: 芳美(R8.2月 57) | J31: 不要 | K31: 4
A32: =ROW()-2 -> 30 | B32: 1 | C32: 4 | D32: =IF(AND(B31=B32,C31=C32),D31+1,1) -> 3 | F32: 櫻井治 | G32: 6－74 | H32: 861－2490 | I32: 治ｵｻﾑR7(76)S24.2.2・美保子ﾐﾎｺ(76)S24.11.4 | J32: 不要 | K32: 3
A33: =ROW()-2 -> 31 | B33: 1 | C33: 4 | D33: =IF(AND(B32=B33,C32=C33),D32+1,1) -> 4 | F33: 松永彰 | G33: 6－74 | H33: 861－2132 | I33: プレミール 彰ｱｷﾗR7(75)、正子(?) | J33: 不要 | K33: 1
A34: =ROW()-2 -> 32 | B34: 1 | C34: 4 | D34: =IF(AND(B33=B34,C33=C34),D33+1,1) -> 5 | F34: 橋本勇 | G34: 6－74 | H34: 861－2905 | I34: 勇ｲｻﾑR7(80)S20.5.18・愛子(79)S21.8.9 | J34: 不要 | K34: 3
A35: =ROW()-2 -> 33 | B35: 1 | C35: 4 | D35: =IF(AND(B34=B35,C34=C35),D34+1,1) -> 6 | F35: 瀧下なつみ | G35: 6－75 | H35: 080-5417-6576 | I35: なつみ(R8.2月 30) R1.4〜スズサンマンション302, 礼 | J35: 不要 | K35: 2
A36: =ROW()-2 -> 34 | B36: 1 | C36: 5 | D36: =IF(AND(B35=B36,C35=C36),D35+1,1) -> 1 | F36: 鈴木洋一 | G36: 6－66－４ G3 | H36: 090-8506-2232 | I36: 102号室 洋一(R8.2月55歳)（861-8656 or 4686）評議員は宣子,理沙,玲奈 | J36: 不要 | K36: 5
A37: =ROW()-2 -> 35 | B37: 1 | C37: 5 | D37: =IF(AND(B36=B37,C36=C37),D36+1,1) -> 2 | E37: ● | F37: 首藤睦 | G37: 6－66－４ G3 | H37: 861－9056 | I37: 203号室 睦(R8.2月56歳) | J37: 不要 | K37: 1
A38: =ROW()-2 -> 36 | B38: 1 | C38: 5 | D38: =IF(AND(B37=B38,C37=C38),D37+1,1) -> 3 | F38: 大野誠治 | G38: 6－66－４ G3 | H38: 861－8652 | I38: 403号室 誠治(R8.2月 61歳), 優李亜 | J38: 不要 | K38: 1
A39: =ROW()-2 -> 37 | B39: 1 | C39: 6 | D39: =IF(AND(B38=B39,C38=C39),D38+1,1) -> 1 | F39: 青山啓二 | G39: 6－66 | H39: 861－3697 | I39: 啓二(R8.2月 73歳), 順子ｼﾞｭﾝｺR7(75) | J39: 不要 | K39: 2
A40: =ROW()-2 -> 38 | B40: 1 | C40: 6 | D40: =IF(AND(B39=B40,C39=C40),D39+1,1) -> 2 | F40: 西田善隆 | G40: 6－70 | H40: 861－6352 | I40: 善隆R8.2月(54) | J40: 不要 | K40: 1
A41: =ROW()-2 -> 39 | B41: 1 | C41: 6 | D41: =IF(AND(B40=B41,C40=C41),D40+1,1) -> 3 | F41: 渡戸正志 | G41: 6－70 | H41: 861－8128 | I41: 渡戸正志ﾜﾀﾄﾞﾏｻｼR7(78)S22.7.1、清美(?) | J41: 要 | K41: 1
A42: =ROW()-2 -> 40 | B42: 1 | C42: 6 | D42: =IF(AND(B41=B42,C41=C42),D41+1,1) -> 4 | E42: ● | F42: 冨田剛 | G42: 6-63-27 | H42: 090-7828-7469 | I42: H31.1-, 剛(R8.2月40歳),綾乃,鈴,昇 | J42: 不要 | K42: 4
A43: =ROW()-2 -> 41 | B43: 1 | C43: 6 | D43: =IF(AND(B42=B43,C42=C43),D42+1,1) -> 5 | F43: 堀井広樹 | G43: 6-63-7 | H43: 090-3406-1011 | I43: R1.5〜 広樹(R8.2月35歳) | J43: 不要 | K43: 4
A44: =ROW()-2 -> 42 | B44: 1 | C44: 6 | D44: =IF(AND(B43=B44,C43=C44),D43+1,1) -> 6 | F44: 菊池崇広 | G44: 6-47-54 | H44: 090-8585-0686 | I44: R7.2加入〜 ﾀｶﾋﾛ(1993.10.4生) | J44: 不要 | K44: 3
A45: =ROW()-2 -> 43 | B45: 1 | C45: 6 | D45: =IF(AND(B44=B45,C44=C45),D44+1,1) -> 7 | F45: 冨松良紀 | G45: 6-47-28 | H45: 090-4537-8236 | I45: R7.4加入 1998.5月生(27)（橘鷹さん孫）愛海,ひまり | J45: 不要 | K45: 4
A46: =ROW()-2 -> 44 | B46: 1 | C46: 7 | D46: =IF(AND(B43=B46,C43=C46),D43+1,1) -> 1 | F46: 山合行之 | G46: 6－70 | H46: 861－8640 | I46: 行之ｺｳｼ(R8.2月73歳)、博美ﾋﾛﾐ | J46: 不要 | K46: 1
A47: =ROW()-2 -> 45 | B47: 1 | C47: 7 | D47: =IF(AND(B46=B47,C46=C47),D46+1,1) -> 2 | E47: ● | F47: 鈴木啓次 | G47: 6－70 | H47: 861－6138 | I47: 啓次(R8.2月 68歳) | J47: 不要 | K47: 2
A48: =ROW()-2 -> 46 | B48: 1 | C48: 7 | D48: =IF(AND(B47=B48,C47=C48),D47+1,1) -> 3 | F48: 宮野弘明 | G48: 6－62 | H48: 861－4059 | I48: 弘明R8.2月(70), 正子, 評議員は「道子」さん？ | J48: 不要 | K48: 0
A49: =ROW()-2 -> 47 | B49: 1 | C49: 7 | D49: =IF(AND(B48=B49,C48=C49),D48+1,1) -> 4 | F49: 小野怜子 | G49: 6－62 | H49: 861－2375 | I49: 怜子R8.2月(81)S20.3.10 | J49: 不要 | K49: 0
A50: =ROW()-2 -> 48 | B50: 1 | C50: 7 | D50: =IF(AND(B49=B50,C49=C50),D49+1,1) -> 5 | F50: 中村未紀 | G50: 6－70 | H50: 090-7227-0266 | I50: R3.12月加入//S43.4.23生(57) | J50: 不要 | K50: 1
A51: =ROW()-2 -> 49 | B51: 1 | C51: 8 | D51: =IF(AND(B50=B51,C50=C51),D50+1,1) -> 1 | E51: ● | F51: 齋藤智子 | G51: 6－67 | H51: 861－4325 | I51: R3.評議員は「智子R8.2月(72)」さん 良一R7(75)逝去 | J51: 不要 | K51: 0
A52: =ROW()-2 -> 50 | B52: 1 | C52: 8 | D52: =IF(AND(B51=B52,C51=C52),D51+1,1) -> 2 | F52: 齋藤和枝 | G52: 6－67 | H52: 861－1010 | I52: H29.4～ 和枝(80)S20.4.17・礼子(77)S23.1.22 | J52: 要 | K52: 2
A53: =ROW()-2 -> 51 | B53: 1 | C53: 8 | D53: =IF(AND(B52=B53,C52=C53),D52+1,1) -> 3 | F53: 溝口美代子 | G53: 6－66 | H53: 861－3965 | I53: 美代子R7(79)S21.12.13 | J53: 要 | K53: 0
A54: =ROW()-2 -> 52 | B54: 1 | C54: 8 | D54: =IF(AND(B53=B54,C53=C54),D53+1,1) -> 4 | F54: 宮川正子 | G54: 6－65 | H54: 861－0881 | I54: 正子ﾏｻｺR7(77)S22.7.15 ※留守多し
A55: =ROW()-2 -> 53 | B55: 1 | C55: 8 | D55: =IF(AND(B54=B55,C54=C55),D54+1,1) -> 5 | F55: 佐々木由香里 | G55: 6－65 | H55: 070-1226-1130 | I55: 由香里r8.2月(42), 梨々華,藍來 | J55: 要 | K55: 2
A56: =ROW()-2 -> 54 | B56: 1 | C56: 8 | D56: =IF(AND(B55=B56,C55=C56),D55+1,1) -> 6 | F56: 橘鷹裕介 | G56: 6－63－10 | H56: 861－2969 | I56: 評議員は「節子」さん 裕介R8.2月(48),節子R7(76)S24.2.27、在彩 | J56: 不要 | K56: 3
A57: =ROW()-2 -> 55 | B57: 1 | C57: 8 | D57: =IF(AND(B56=B57,C56=C57),D56+1,1) -> 7 | F57: 玉田義輝 | G57: 6－63 | H57: 090-8778-2829 | I57: 評議員は「優子」さん, 義輝R8.2月(52),輝優,哲輝 | J57: 不要 | K57: 3
A58: =ROW()-2 -> 56 | B58: 1 | C58: 9 | D58: =IF(AND(B57=B58,C57=C58),D57+1,1) -> 1 | F58: 金子勲 | G58: 6－63 | H58: 861－3586 | I58: 評議員は「尚子」さん 勲R8.2月(92)S9.1.10 | J58: 不要 | K58: 5
A59: =ROW()-2 -> 57 | B59: 1 | C59: 9 | D59: =IF(AND(B58=B59,C58=C59),D58+1,1) -> 2 | F59: 松本弘子 | G59: 6－63 | H59: 861－4055 | I59: 評議員は妹の：加瀬和子S24.1.28 ※祭礼寄付は加瀬さん | J59: 不要 | K59: 0 | L59: 加瀬和子
A60: =ROW()-2 -> 58 | B60: 1 | C60: 9 | D60: =IF(AND(B59=B60,C59=C60),D59+1,1) -> 3 | F60: 関口香奈 | G60: 6－63 | H60: 861－0304 | I60: 桑名須美枝 関口香奈R8.2月(64)：090-6047-4874 | J60: 不要 | K60: 1
A61: =ROW()-2 -> 59 | B61: 1 | C61: 9 | D61: =IF(AND(B60=B61,C60=C61),D60+1,1) -> 4 | F61: 藤田範男 | G61: 6－64 | H61: 861－4047 | I61: 範男R8.2月(68),ユキエR7(94)S6.7.28-2025逝去 | J61: 不要 | K61: 2
A62: =ROW()-2 -> 60 | B62: 1 | C62: 9 | D62: =IF(AND(B61=B62,C61=C62),D61+1,1) -> 5 | F62: 前田清孝 | G62: 6－64 | H62: 861－6619 | I62: 清孝(68) | J62: 不要 | K62: 0
A63: =ROW()-2 -> 61 | B63: 1 | C63: 9 | D63: =IF(AND(B62=B63,C62=C63),D62+1,1) -> 6 | E63: ● | F63: 高島秀夫 | G63: 6－64 | H63: 861－8908 | I63: 秀夫R8.2月(74), 佳子ｹｲｺ | J63: 不要 | K63: 3
A64: =ROW()-2 -> 62 | B64: 1 | C64: 9 | D64: =IF(AND(B63=B64,C63=C64),D63+1,1) -> 7 | F64: 桐生勝巳 | G64: 6－65 | H64: 090-1604-7097 | I64: 勝巳R8.2月(61),H31.4～ 菊池篤子ｱﾂｺR7(82)S18.1.2, 千鶴子,実咲 | J64: 要 | K64: 4
A65: =ROW()-2 -> 63 | B65: 1 | C65: 9 | D65: =IF(AND(B64=B65,C64=C65),D64+1,1) -> 8 | F65: 前田拓也 | G65: 6－65 | H65: 090-1698-7304 | I65: H31.4～(34),涼子,恵梨絵,茉莉恵 | J65: 不要 | K65: 4
A66: =ROW()-2 -> 64 | B66: 1 | C66: 9 | D66: =IF(AND(B65=B66,C65=C66),D65+1,1) -> 9 | F66: 竹本久子 | G66: 6－65 | H66: 090-2426-5722 | I66: R5.8月入会 1954.1.6生(72) 三角 | J66: 不要 | K66: 0
A67: =ROW()-2 -> 65 | B67: 1 | C67: 10 | D67: =IF(AND(B65=B67,C65=C67),D65+1,1) -> 1 | F67: 須田昭 | G67: 6－3 | H67: 861－0046
A68: =ROW()-2 -> 66 | B68: 1 | C68: 10 | D68: =IF(AND(B67=B68,C67=C68),D67+1,1) -> 2 | E68: ● | F68: 福寿早苗 | G68: 6－6 | H68: 861－5768 | I68: 早苗R8(82)S19.1.2 | J68: 要 | K68: 2
A69: =ROW()-2 -> 67 | B69: 1 | C69: 10 | D69: =IF(AND(B68=B69,C68=C69),D68+1,1) -> 3 | F69: 小山米子 | G69: 6－6 | H69: 861－6556 | I69: 米子R8(87)S13.3.29 | J69: 要 | K69: 1
A70: =ROW()-2 -> 68 | B70: 1 | C70: 10 | D70: =IF(AND(B69=B70,C69=C70),D69+1,1) -> 4 | F70: 須田公子 | G70: 6－6 | H70: 861－4475 | I70: R4.評議員は「重光隆子」さん 090-5508-6158 公子R7(93)S7.3.18 | J70: 不要 | K70: 3
A71: =ROW()-2 -> 69 | B71: 1 | C71: 10 | D71: =IF(AND(B70=B71,C70=C71),D70+1,1) -> 5 | F71: 牧野ビル | I71: R6.4月～※回覧不要（町内会費3,600円のみ）
A72: =ROW()-2 -> 70 | B72: 1 | C72: 10 | D72: =IF(AND(B71=B72,C71=C72),D71+1,1) -> 6 | F72: 井岡拓也 | G72: 6－6－5 | H72: 070-5601-3998 | I72: 拓也1993.7.20生R8(32) 2026.1月加入 ※R8乳児 | J72: 要 | K72: 2
A73: =ROW()-2 -> 71 | B73: 1 | C73: 11 | D73: =IF(AND(B70=B73,C70=C73),D70+1,1) -> 1 | F73: 渡邊幾子 | G73: 6－68-14 G2 | H73: 861－5160 | I73: 901号室 渡邊幾子ｲｸｺR8(90)S11.1.5 ※長女,葉山在住 | J73: 要 | K73: 0
A74: =ROW()-2 -> 72 | B74: 1 | C74: 11 | D74: =IF(AND(B73=B74,C73=C74),D73+1,1) -> 2 | F74: 乾タヅ子 | G74: 6－68-14 G2 | H74: 861－6386 | I74: 902号室 タヅ子R7(79)S21.9.5 | J74: 不要 | K74: 1
A75: =ROW()-2 -> 73 | B75: 1 | C75: 11 | D75: =IF(AND(B74=B75,C74=C75),D74+1,1) -> 3 | F75: 矢部謙三 | G75: 6－68-14 G2 | H75: 861－8012 | I75: 801号室 謙三R7(88)S12.9.1 | J75: 不要
A76: =ROW()-2 -> 74 | B76: 1 | C76: 11 | D76: =IF(AND(B75=B76,C75=C76),D75+1,1) -> 4 | F76: 千葉幸代 | G76: 6－68-14 G2 | H76: 861－8988 | I76: 802号室 ※祭礼寄付の意志なし
A77: =ROW()-2 -> 75 | B77: 1 | C77: 11 | D77: =IF(AND(B76=B77,C76=C77),D76+1,1) -> 5 | F77: 杉澤知美 | G77: 6－68-14 G2 | H77: 861－5071 | I77: 701号室（久貝⇒杉澤）知美R8.2月(58)090-1539-9137 | J77: 不要 | K77: 2
A78: =ROW()-2 -> 76 | B78: 1 | C78: 11 | D78: =IF(AND(B77=B78,C77=C78),D77+1,1) -> 6 | F78: 伊藤健二 | G78: 6－68-14 G2 | I78: 702号室 健二R8.2月(73) 明美S14.1.1 | J78: 不要 | K78: 1
A79: =ROW()-2 -> 77 | B79: 1 | C79: 11 | D79: =IF(AND(B78=B79,C78=C79),D78+1,1) -> 7 | F79: 荒井照男 | G79: 6－68-14 G2 | H79: 046-848－5127 | I79: 703号室 照男R8.2月(62) | J79: 不要 | K79: 4
A80: =ROW()-2 -> 78 | B80: 1 | C80: 11 | D80: =IF(AND(B79=B80,C79=C80),D79+1,1) -> 8 | E80: ● | F80: 佐々木宏子 | G80: 6－68-14 G2 | I80: 601号室 宏子R8.2月(70) | J80: 不要 | K80: 0
A81: =ROW()-2 -> 79 | B81: 1 | C81: 11 | D81: =IF(AND(B80=B81,C80=C81),D80+1,1) -> 9 | F81: 佐々木雅浩 | G81: 6－68-14 G2 | H81: 861－7531 | I81: 603号室 雅浩R8.2月(57),啓子、雅史,里菜 | J81: 不要 | K81: 4
A82: =ROW()-2 -> 80 | B82: 1 | C82: 12 | D82: =IF(AND(B81=B82,C81=C82),D81+1,1) -> 1 | F82: 森良枝 | G82: 6－68-14 G2 | H82: 861－2322 | I82: 501号室 良枝S22.12.18(78) | J82: 不要 | K82: 0
A83: =ROW()-2 -> 81 | B83: 1 | C83: 12 | D83: =IF(AND(B82=B83,C82=C83),D82+1,1) -> 2 | E83: ● | F83: 千葉満 | G83: 6－68-14 G2 | I83: 502号室 満R8.2月(49) | J83: 不要 | K83: 0
A84: =ROW()-2 -> 82 | B84: 1 | C84: 12 | D84: =IF(AND(B83=B84,C83=C84),D83+1,1) -> 3 | F84: 鎌田智士 | G84: 6－68-14 G2 | H84: 090-7416-4378 | I84: 503号室 智士R8.2月(40) | J84: 不要 | K84: 0
A85: =ROW()-2 -> 83 | B85: 1 | C85: 12 | D85: =IF(AND(B84=B85,C84=C85),D84+1,1) -> 4 | F85: 古川孝一 | G85: 6－68-14 G2 | H85: 080-5694-8317 | I85: 504号室 R.7.3月加入 1964.8.20生(61) | J85: 不要 | K85: 1
A86: =ROW()-2 -> 84 | B86: 1 | C86: 12 | D86: =IF(AND(B85=B86,C85=C86),D85+1,1) -> 5 | F86: 杉森正博 | G86: 6－68-14 G2 | H86: 861－1736 | I86: 401号室 正博R8.2月(72) | J86: 要 | K86: 2
A87: =ROW()-2 -> 85 | B87: 1 | C87: 12 | D87: =IF(AND(B86=B87,C86=C87),D86+1,1) -> 6 | F87: 山口明良 | G87: 6－68-14 G2 | H87: 861－4840 | I87: 402号室 明良R8.2月(59), 評議員は「知佐子」さん？、珠未 | J87: 不要 | K87: 1
A88: =ROW()-2 -> 86 | B88: 1 | C88: 12 | D88: =IF(AND(B87=B88,C87=C88),D87+1,1) -> 7 | F88: 齋藤耕平 | G88: 6－68-14 G2 | H88: 080-3414-7545 | I88: 403号室 耕平R8.2月(41), 知美(080-3525-1135) | J88: 要 | K88: 3 | L88: 子供留守番あり
A89: =ROW()-2 -> 87 | B89: 1 | C89: 12 | D89: =IF(AND(B88=B89,C88=C89),D88+1,1) -> 8 | F89: 小田切幸男 | G89: 6－68-14 G2 | I89: 404号室 幸男S23.12.23(77) | J89: 要 | K89: 0 | L89: 訪問土日希望
A90: =ROW()-2 -> 88 | B90: 1 | C90: 12 | D90: =IF(AND(B89=B90,C89=C90),D89+1,1) -> 9 | F90: 矢畑進 | G90: 6－68-14 G2 | H90: 861－4220 | I90: 301号室 進R8.2月(56),サチ子、真那斗 | J90: 不要 | K90: 3
A91: =ROW()-2 -> 89 | B91: 1 | C91: 12 | D91: =IF(AND(B90=B91,C90=C91),D90+1,1) -> 10 | F91: 杉山政臣 | G91: 6－68-14 G2 | I91: 302号室 政臣R8.2月(38), 裕子,ひなた,瑛汰(10),敬汰 | J91: 要 | K91: 5 | L91: 瑛汰,放課後ひとりのことあり。
A92: =ROW()-2 -> 90 | B92: 1 | C92: 12 | D92: =IF(AND(B91=B92,C91=C92),D91+1,1) -> 11 | F92: 丸茂治彦 | G92: 6－68-14 G2 | H92: 861－8630 | I92: 303号室 治彦R8.2月(59) R3.評議員は「安岐子」さん, 舜弥,瞭太 | J92: 不要 | K92: 4
A93: =ROW()-2 -> 91 | B93: 1 | C93: 12 | D93: =IF(AND(B92=B93,C92=C93),D92+1,1) -> 12 | F93: 山岸靖子 | G93: 6－68-14 G2 | H93: 854－9148 | I93: 304号室 靖子R8.2月(72) | J93: 不要 | K93: 0
A94: =ROW()-2 -> 92 | B94: 1 | C94: 12 | D94: =IF(AND(B93=B94,C93=C94),D93+1,1) -> 13 | F94: 渡邉健志 | G94: 6－68-14 G2 | H94: 090-6633-4707 | I94: 201号室 健志R8.2月(42),妻「聖子」さん 2025.10月加入 | J94: 不要 | K94: 4
A95: =ROW()-2 -> 93 | B95: 1 | C95: 12 | D95: =IF(AND(B94=B95,C94=C95),D94+1,1) -> 14 | F95: 高橋昭仁 | G95: 6－68-14 G2 | H95: 861－5004 | I95: 202号室 昭仁R8.2月(65),評議員は「由美子」さん | J95: 不要 | K95: 1
A96: =ROW()-2 -> 94 | B96: 1 | C96: 12 | D96: =IF(AND(B95=B96,C95=C96),D95+1,1) -> 15 | F96: 雨海正男 | G96: 6－68-14 G2 | H96: 861－8916 | I96: 203号室 雨海正男ｱﾏｶﾞｲﾏｻｵR8.2月(74) | J96: 不要 | K96: 3
A97: =ROW()-2 -> 95 | B97: 1 | C97: 12 | D97: =IF(AND(B96=B97,C96=C97),D96+1,1) -> 16 | F97: 高橋博満 | G97: 6－68-14 G2 | H97: 861－5953 | I97: 204号室 博満R8.2月(62) | J97: 不要 | K97: 2
A98: =ROW()-2 -> 96 | B98: 2 | C98: 1 | D98: =IF(AND(B97=B98,C97=C98),D97+1,1) -> 1 | E98: ● | F98: 森田眞由美 | G98: 6－7 | H98: 861－7670 | I98: 眞由美R8.2月(67), 正子ﾏｻｺR7(92)S7.10.23-2025逝去 | J98: 不要 | K98: 0
A99: =ROW()-2 -> 97 | B99: 2 | C99: 1 | D99: =IF(AND(B98=B99,C98=C99),D98+1,1) -> 2 | F99: 森田章裕 | G99: 6－10 | H99: 080-1057-0799 | I99: 章裕R8.2月(40),評議員は「恵」(090-4525-3059)さん 裕翔, 柚芽 | J99: 要 | K99: 5
A100: =ROW()-2 -> 98 | B100: 2 | C100: 1 | D100: =IF(AND(B99=B100,C99=C100),D99+1,1) -> 3 | F100: 小澤正行 | G100: 6－8 | H100: 861－0783 | I100: 正行R8.2月(66), 紀子R7(70以上) | J100: 不要 | K100: 1
...

Sheet 2026-0524
A1: 駒寄町内会 会員名簿 (2026年05月24日現在) | J1: 避難 支援 | K1: 同居 家族
A2: 通番 | B2: 区 | C2: 班 | D2: No. | E2: 評議員 | F2: 氏名 ／ 屋号 | G2: 住所番地 | H2: 電 話 | I2: 備 考
A3: =ROW()-2 -> 1 | B3: 1 | C3: 1 | D3: =IF(AND(B2=B3,C2=C3),D2+1,1) -> 1 | F3: 中村芳朗 | G3: 6－1 | H3: 861－2770 | I3: 芳朗ﾖｼﾛｳ R8.2月(75) | J3: 要 | K3: 2
A4: =ROW()-2 -> 2 | B4: 1 | C4: 1 | D4: =IF(AND(B3=B4,C3=C4),D3+1,1) -> 2 | F4: 中村治子 | G4: 6－1 | H4: 861－2446 | I4: 治子ﾊﾙｺ R8.2月(81)S19.8.24 | J4: 不要 | K4: 0
A5: =ROW()-2 -> 3 | B5: 1 | C5: 1 | D5: =IF(AND(B4=B5,C4=C5),D4+1,1) -> 3 | F5: 松川正士 | G5: 6－1 | H5: 090-1779-5352 | I5: 正士ﾏｻｼ R8.2月(81)S19.3.31, 真美,妃由 | J5: 不要 | K5: 3 | L5: 861－2384
A6: =ROW()-2 -> 4 | B6: 1 | C6: 1 | D6: =IF(AND(B5=B6,C5=C6),D5+1,1) -> 4 | F6: 和田薪 | G6: 6－1 | H6: 861－2481 | I6: セラヴィ 京子R7(79)S21.7.5 | J6: 不要
A7: =ROW()-2 -> 5 | B7: 1 | C7: 1 | D7: =IF(AND(B6=B7,C6=C7),D6+1,1) -> 5 | F7: 平井進 | G7: 6－2 | H7: 861－3291 | I7: 進 R8.2月(78)S23.2.23 | J7: 不要 | K7: 0
A8: =ROW()-2 -> 6 | B8: 1 | C8: 1 | D8: =IF(AND(B7=B8,C7=C8),D7+1,1) -> 6 | F8: 長谷川聰 | G8: 6－2 | I8: H29.4～ 聰ｻﾄｼ S17.11.16(84) | J8: 不要 | K8: 0
A9: =ROW()-2 -> 7 | B9: 1 | C9: 1 | D9: =IF(AND(B8=B9,C8=C9),D8+1,1) -> 7 | F9: 粟飯原功 | G9: 6－2 | H9: 861－4015 | I9: R7(78)S23.1.19 | J9: 不要 | K9: 0
A10: =ROW()-2 -> 8 | B10: 1 | C10: 1 | D10: =IF(AND(B9=B10,C9=C10),D9+1,1) -> 8 | E10: ● | F10: 高橋正 | G10: 6－2 | H10: 861－0178 | I10: 正(R8.2月 62才)R3.評議員は「しのぶ」さん | J10: 不要 | K10: 2
A11: =ROW()-2 -> 9 | B11: 1 | C11: 1 | D11: =IF(AND(B10=B11,C10=C11),D10+1,1) -> 9 | F11: 林信行 | G11: 6－2 | H11: 090-3916-4588 | I11: H29.4(79)～ 046-854-9786 同居佐藤たい子R7(93)S6.11.6 | J11: 要 | K11: 2
A12: =ROW()-2 -> 10 | B12: 1 | C12: 1 | D12: =IF(AND(B11=B12,C11=C12),D11+1,1) -> 10 | F12: 町田恵資 | G12: 6－1 | H12: 046-861-1644 | I12: S44.5.26生 ※行事は不参加
A13: =ROW()-2 -> 11 | B13: 1 | C13: 2 | D13: =IF(AND(B11=B13,C11=C13),D11+1,1) -> 1 | F13: 紺野建設 | G13: 6－69 | H13: 861－3180 | J13: 不要
A14: =ROW()-2 -> 12 | B14: 1 | C14: 2 | D14: =IF(AND(B13=B14,C13=C14),D13+1,1) -> 2 | F14: 遠山悦子 | G14: 6－68 | H14: 861－3815 | I14: 悦子(r8.1月 60) R5.美代子さん逝去 | J14: 不要 | K14: 0
A15: =ROW()-2 -> 13 | B15: 1 | C15: 2 | D15: =IF(AND(B14=B15,C14=C15),D14+1,1) -> 3 | F15: 高瀬一 | G15: 6－69 | H15: 861－0509 | I15: 一ﾊｼﾞﾒR7(77)S23.9.22、幸子(80)S20.7.11、徹(?) | J15: 要 | K15: 6
A16: =ROW()-2 -> 14 | B16: 1 | C16: 2 | D16: =IF(AND(B15=B16,C15=C16),D15+1,1) -> 4 | F16: 齋藤勇 | G16: 6－68 | H16: 861－3823 | I16: 勇R8.2月(79)S21.8.4、ヨシ子(93)S6.1.2 | J16: 不要 | K16: 1
A17: =ROW()-2 -> 15 | B17: 1 | C17: 2 | D17: =IF(AND(B16=B17,C16=C17),D16+1,1) -> 5 | F17: 鍋田益男 | G17: 6－68片山303 | H17: 861－5959 | I17: 益男(88)S11.1.24、久枝(86)S14.2.16
A18: =ROW()-2 -> 16 | B18: 1 | C18: 2 | D18: =IF(AND(B17=B18,C17=C18),D17+1,1) -> 6 | F18: マミークリーニング | G18: 6－68 | H18: 861－1220
A19: =ROW()-2 -> 17 | B19: 1 | C19: 2 | D19: =IF(AND(B18=B19,C18=C19),D18+1,1) -> 7 | F19: 佐藤清 | G19: 6－69 | H19: 861－6235 | I19: H29.4～ 佐藤歯科（夜間不在） | J19: 不要 | K19: 0
A20: =ROW()-2 -> 18 | B20: 1 | C20: 2 | D20: =IF(AND(B19=B20,C19=C20),D19+1,1) -> 8 | E20: ● | F20: 戸村則登 | G20: 6－68-19 | H20: 090-6346-9518 | I20: R7.6月加入、S33.7.29生(67) | J20: 不要 | K20: 3
A21: =ROW()-2 -> 19 | B21: 1 | C21: 2 | D21: =IF(AND(B20=B21,C20=C21),D20+1,1) -> 9 | F21: 渡邊秀一 | G21: 6-69-12 | H21: 090-9328-7011 | I21: S62.5.30生(38) | J21: 不要 | K21: 1
A22: =ROW()-2 -> 20 | B22: 1 | C22: 3 | D22: =IF(AND(B19=B22,C19=C22),D19+1,1) -> 1 | F22: 佐久間明 | G22: 6－69 | H22: 861－3753 | I22: 明R8.2月(75)、満貴子ﾏｷｺ(?),均(090-9305-5987)梢(080-5078-6336),光,匠,楓 | J22: 不要 | K22: 7
A23: =ROW()-2 -> 21 | B23: 1 | C23: 3 | D23: =IF(AND(B22=B23,C22=C23),D22+1,1) -> 2 | F23: 鳥居スミヱ | G23: 6－77 | H23: 861－4993 | I23: 評議員は鳥居知加代 スミヱ(93)S7.5.31 | J23: 要 | K23: 1
A24: =ROW()-2 -> 22 | B24: 1 | C24: 3 | D24: =IF(AND(B23=B24,C23=C24),D23+1,1) -> 3 | F24: 渋江康弘 | G24: 6－77 | H24: 897－7032 | I24: 康弘ﾔｽﾋﾛR8.2月(82)S18.8.18、秀子ﾋﾃﾞｺ(79)S22.1.22 | J24: 不要 | K24: 1
A25: =ROW()-2 -> 23 | B25: 1 | C25: 3 | D25: =IF(AND(B24=B25,C24=C25),D24+1,1) -> 4 | E25: ● | F25: 石岡明憲 | G25: 6－77 | H25: 861－0925 | I25: (r8.1月 59) | J25: 不要 | K25: 1
A26: =ROW()-2 -> 24 | B26: 1 | C26: 3 | D26: =IF(AND(B25=B26,C25=C26),D25+1,1) -> 5 | F26: 中華料理成都 | G26: 6－77 | H26: 861－8060 | I26: 松本秀雄R8.2月(56) | J26: 不要 | K26: 1
A27: =ROW()-2 -> 25 | B27: 1 | C27: 3 | D27: =IF(AND(B26=B27,C26=C27),D26+1,1) -> 6 | F27: 武藤親弘 | G27: 6－76-4 | H27: 861－5829 | I27: 慎一R7(78)S22.4.25 親弘(R8.2月45歳, 090-7225-8149)敏恵,慎太郎,光次郎 | J27: 不要 | K27: 4
A28: =ROW()-2 -> 26 | B28: 1 | C28: 3 | D28: =IF(AND(B27=B28,C27=C28),D27+1,1) -> 7 | F28: 串一 | G28: 6－77 | H28: 861－2733 | I28: 中村太一 店舗 | J28: 不要
A29: =ROW()-2 -> 27 | B29: 1 | C29: 3 | D29: =IF(AND(B28=B29,C28=C29),D28+1,1) -> 8 | F29: AJITO中村みどり | G29: 6－77 | H29: 887－0676 | I29: 中村修一R8.2月(77)S23.10.15 店舗 | J29: 不要 | K29: 2
A30: =ROW()-2 -> 28 | B30: 1 | C30: 4 | D30: =IF(AND(B29=B30,C29=C30),D29+1,1) -> 1 | E30: ● | F30: 澤登武文 | G30: 6－75 | H30: 861－4214 | I30: 武文(R8.2月 56)R4 弘志さん逝去 | J30: 不要 | K30: 2
A31: =ROW()-2 -> 29 | B31: 1 | C31: 4 | D31: =IF(AND(B30=B31,C30=C31),D30+1,1) -> 2 | F31: 秋山芳美 | G31: 6－74 | H31: 861－7234 | I31: 芳美(R8.2月 57) | J31: 不要 | K31: 4
A32: =ROW()-2 -> 30 | B32: 1 | C32: 4 | D32: =IF(AND(B31=B32,C31=C32),D31+1,1) -> 3 | F32: 櫻井治 | G32: 6－74 | H32: 861－2490 | I32: 治ｵｻﾑR7(76)S24.2.2・美保子ﾐﾎｺ(76)S24.11.4 | J32: 不要 | K32: 3
A33: =ROW()-2 -> 31 | B33: 1 | C33: 4 | D33: =IF(AND(B32=B33,C32=C33),D32+1,1) -> 4 | F33: 松永彰 | G33: 6－74 | H33: 861－2132 | I33: プレミール 彰ｱｷﾗR7(75)、正子(?) | J33: 不要 | K33: 1
A34: =ROW()-2 -> 32 | B34: 1 | C34: 4 | D34: =IF(AND(B33=B34,C33=C34),D33+1,1) -> 5 | F34: 橋本勇 | G34: 6－74 | H34: 861－2905 | I34: 勇ｲｻﾑR7(80)S20.5.18・愛子(79)S21.8.9 | J34: 不要 | K34: 3
A35: =ROW()-2 -> 33 | B35: 1 | C35: 4 | D35: =IF(AND(B34=B35,C34=C35),D34+1,1) -> 6 | F35: 瀧下なつみ | G35: 6－75 | H35: 080-5417-6576 | I35: なつみ(R8.2月 30) R1.4〜スズサンマンション302, 礼 | J35: 不要 | K35: 2
A36: =ROW()-2 -> 34 | B36: 1 | C36: 5 | D36: =IF(AND(B35=B36,C35=C36),D35+1,1) -> 1 | F36: 鈴木洋一 | G36: 6－66－４ G3 | H36: 090-8506-2232 | I36: 102号室 洋一(R8.2月55歳)（861-8656 or 4686）評議員は宣子,理沙,玲奈 | J36: 不要 | K36: 5
A37: =ROW()-2 -> 35 | B37: 1 | C37: 5 | D37: =IF(AND(B36=B37,C36=C37),D36+1,1) -> 2 | E37: ● | F37: 首藤睦 | G37: 6－66－４ G3 | H37: 861－9056 | I37: 203号室 睦(R8.2月56歳) | J37: 不要 | K37: 1
A38: =ROW()-2 -> 36 | B38: 1 | C38: 5 | D38: =IF(AND(B37=B38,C37=C38),D37+1,1) -> 3 | F38: 大野誠治 | G38: 6－66－４ G3 | H38: 861－8652 | I38: 403号室 誠治(R8.2月 61歳), 優李亜 | J38: 不要 | K38: 1
A39: =ROW()-2 -> 37 | B39: 1 | C39: 6 | D39: =IF(AND(B38=B39,C38=C39),D38+1,1) -> 1 | F39: 青山啓二 | G39: 6－66 | H39: 861－3697 | I39: 啓二(R8.2月 73歳), 順子ｼﾞｭﾝｺR7(75) | J39: 不要 | K39: 2
A40: =ROW()-2 -> 38 | B40: 1 | C40: 6 | D40: =IF(AND(B39=B40,C39=C40),D39+1,1) -> 2 | F40: 西田善隆 | G40: 6－70 | H40: 861－6352 | I40: 善隆R8.2月(54) | J40: 不要 | K40: 1
A41: =ROW()-2 -> 39 | B41: 1 | C41: 6 | D41: =IF(AND(B40=B41,C40=C41),D40+1,1) -> 3 | F41: 渡戸正志 | G41: 6－70 | H41: 861－8128 | I41: 渡戸正志ﾜﾀﾄﾞﾏｻｼR7(78)S22.7.1、清美(?) | J41: 要 | K41: 1
A42: =ROW()-2 -> 40 | B42: 1 | C42: 6 | D42: =IF(AND(B41=B42,C41=C42),D41+1,1) -> 4 | E42: ● | F42: 冨田剛 | G42: 6-63-27 | H42: 090-7828-7469 | I42: H31.1-, 剛(R8.2月40歳),綾乃,鈴,昇 | J42: 不要 | K42: 4
A43: =ROW()-2 -> 41 | B43: 1 | C43: 6 | D43: =IF(AND(B42=B43,C42=C43),D42+1,1) -> 5 | F43: 堀井広樹 | G43: 6-63-7 | H43: 090-3406-1011 | I43: R1.5〜 広樹(R8.2月35歳) | J43: 不要 | K43: 4
A44: =ROW()-2 -> 42 | B44: 1 | C44: 6 | D44: =IF(AND(B43=B44,C43=C44),D43+1,1) -> 6 | F44: 菊池崇広 | G44: 6-47-54 | H44: 090-8585-0686 | I44: R7.2加入〜 ﾀｶﾋﾛ(1993.10.4生) | J44: 不要 | K44: 3
A45: =ROW()-2 -> 43 | B45: 1 | C45: 6 | D45: =IF(AND(B44=B45,C44=C45),D44+1,1) -> 7 | F45: 冨松良紀 | G45: 6-47-28 | H45: 090-4537-8236 | I45: R7.4加入 1998.5月生(27)（橘鷹さん孫）愛海,ひまり | J45: 不要 | K45: 4
A46: =ROW()-2 -> 44 | B46: 1 | C46: 7 | D46: =IF(AND(B43=B46,C43=C46),D43+1,1) -> 1 | F46: 山合行之 | G46: 6－70 | H46: 861－8640 | I46: 行之ｺｳｼ(R8.2月73歳)、博美ﾋﾛﾐ | J46: 不要 | K46: 1
A47: =ROW()-2 -> 45 | B47: 1 | C47: 7 | D47: =IF(AND(B46=B47,C46=C47),D46+1,1) -> 2 | E47: ● | F47: 鈴木啓次 | G47: 6－70 | H47: 861－6138 | I47: 啓次(R8.2月 68歳) | J47: 不要 | K47: 2
A48: =ROW()-2 -> 46 | B48: 1 | C48: 7 | D48: =IF(AND(B47=B48,C47=C48),D47+1,1) -> 3 | F48: 宮野弘明 | G48: 6－62 | H48: 861－4059 | I48: 弘明R8.2月(70), 正子, 評議員は「道子」さん？ | J48: 不要 | K48: 0
A49: =ROW()-2 -> 47 | B49: 1 | C49: 7 | D49: =IF(AND(B48=B49,C48=C49),D48+1,1) -> 4 | F49: 小野怜子 | G49: 6－62 | H49: 861－2375 | I49: 怜子R8.2月(81)S20.3.10 | J49: 不要 | K49: 0
A50: =ROW()-2 -> 48 | B50: 1 | C50: 7 | D50: =IF(AND(B49=B50,C49=C50),D49+1,1) -> 5 | F50: 中村未紀 | G50: 6－70 | H50: 090-7227-0266 | I50: R3.12月加入//S43.4.23生(57) | J50: 不要 | K50: 1
A51: =ROW()-2 -> 49 | B51: 1 | C51: 8 | D51: =IF(AND(B50=B51,C50=C51),D50+1,1) -> 1 | E51: ● | F51: 齋藤智子 | G51: 6－67 | H51: 861－4325 | I51: R3.評議員は「智子R8.2月(72)」さん 良一R7(75)逝去 | J51: 不要 | K51: 0
A52: =ROW()-2 -> 50 | B52: 1 | C52: 8 | D52: =IF(AND(B51=B52,C51=C52),D51+1,1) -> 2 | F52: 齋藤和枝 | G52: 6－67 | H52: 861－1010 | I52: H29.4～ 和枝(80)S20.4.17・礼子(77)S23.1.22 | J52: 要 | K52: 2
A53: =ROW()-2 -> 51 | B53: 1 | C53: 8 | D53: =IF(AND(B52=B53,C52=C53),D52+1,1) -> 3 | F53: 溝口美代子 | G53: 6－66 | H53: 861－3965 | I53: 美代子R7(79)S21.12.13 | J53: 要 | K53: 0
A54: =ROW()-2 -> 52 | B54: 1 | C54: 8 | D54: =IF(AND(B53=B54,C53=C54),D53+1,1) -> 4 | F54: 宮川正子 | G54: 6－65 | H54: 861－0881 | I54: 正子ﾏｻｺR7(77)S22.7.15 ※留守多し
A55: =ROW()-2 -> 53 | B55: 1 | C55: 8 | D55: =IF(AND(B54=B55,C54=C55),D54+1,1) -> 5 | F55: 佐々木由香里 | G55: 6－65 | H55: 070-1226-1130 | I55: 由香里r8.2月(42), 梨々華,藍來 | J55: 要 | K55: 2
A56: =ROW()-2 -> 54 | B56: 1 | C56: 8 | D56: =IF(AND(B55=B56,C55=C56),D55+1,1) -> 6 | F56: 橘鷹裕介 | G56: 6－63－10 | H56: 861－2969 | I56: 評議員は「節子」さん 裕介R8.2月(48),節子R7(76)S24.2.27、在彩 | J56: 不要 | K56: 3
A57: =ROW()-2 -> 55 | B57: 1 | C57: 8 | D57: =IF(AND(B56=B57,C56=C57),D56+1,1) -> 7 | F57: 玉田義輝 | G57: 6－63 | H57: 090-8778-2829 | I57: 評議員は「優子」さん, 義輝R8.2月(52),輝優,哲輝 | J57: 不要 | K57: 3
A58: =ROW()-2 -> 56 | B58: 1 | C58: 9 | D58: =IF(AND(B57=B58,C57=C58),D57+1,1) -> 1 | F58: 金子勲 | G58: 6－63 | H58: 861－3586 | I58: 評議員は「尚子」さん 勲R8.2月(92)S9.1.10 | J58: 不要 | K58: 5
A59: =ROW()-2 -> 57 | B59: 1 | C59: 9 | D59: =IF(AND(B58=B59,C58=C59),D58+1,1) -> 2 | F59: 松本弘子 | G59: 6－63 | H59: 861－4055 | I59: 評議員は妹の：加瀬和子S24.1.28 ※祭礼寄付は加瀬さん | J59: 不要 | K59: 0 | L59: 加瀬和子
A60: =ROW()-2 -> 58 | B60: 1 | C60: 9 | D60: =IF(AND(B59=B60,C59=C60),D59+1,1) -> 3 | F60: 関口香奈 | G60: 6－63 | H60: 861－0304 | I60: 桑名須美枝 関口香奈R8.2月(64)：090-6047-4874 | J60: 不要 | K60: 1
A61: =ROW()-2 -> 59 | B61: 1 | C61: 9 | D61: =IF(AND(B60=B61,C60=C61),D60+1,1) -> 4 | F61: 藤田範男 | G61: 6－64 | H61: 861－4047 | I61: 範男R8.2月(68),ユキエR7(94)S6.7.28-2025逝去 | J61: 不要 | K61: 2
A62: =ROW()-2 -> 60 | B62: 1 | C62: 9 | D62: =IF(AND(B61=B62,C61=C62),D61+1,1) -> 5 | F62: 前田清孝 | G62: 6－64 | H62: 861－6619 | I62: 清孝(68) | J62: 不要 | K62: 0
A63: =ROW()-2 -> 61 | B63: 1 | C63: 9 | D63: =IF(AND(B62=B63,C62=C63),D62+1,1) -> 6 | E63: ● | F63: 高島秀夫 | G63: 6－64 | H63: 861－8908 | I63: 秀夫R8.2月(74), 佳子ｹｲｺ | J63: 不要 | K63: 3
A64: =ROW()-2 -> 62 | B64: 1 | C64: 9 | D64: =IF(AND(B63=B64,C63=C64),D63+1,1) -> 7 | F64: 桐生勝巳 | G64: 6－65 | H64: 090-1604-7097 | I64: 勝巳R8.2月(61),H31.4～ 菊池篤子ｱﾂｺR7(82)S18.1.2, 千鶴子,実咲 | J64: 要 | K64: 4
A65: =ROW()-2 -> 63 | B65: 1 | C65: 9 | D65: =IF(AND(B64=B65,C64=C65),D64+1,1) -> 8 | F65: 前田拓也 | G65: 6－65 | H65: 090-1698-7304 | I65: H31.4～(34),涼子,恵梨絵,茉莉恵 | J65: 不要 | K65: 4
A66: =ROW()-2 -> 64 | B66: 1 | C66: 9 | D66: =IF(AND(B65=B66,C65=C66),D65+1,1) -> 9 | F66: 竹本久子 | G66: 6－65 | H66: 090-2426-5722 | I66: R5.8月入会 1954.1.6生(72) 三角 | J66: 不要 | K66: 0
A67: =ROW()-2 -> 65 | B67: 1 | C67: 10 | D67: =IF(AND(B65=B67,C65=C67),D65+1,1) -> 1 | F67: 須田昭 | G67: 6－3 | H67: 861－0046
A68: =ROW()-2 -> 66 | B68: 1 | C68: 10 | D68: =IF(AND(B67=B68,C67=C68),D67+1,1) -> 2 | E68: ● | F68: 福寿早苗 | G68: 6－6 | H68: 861－5768 | I68: 早苗R8(82)S19.1.2 | J68: 要 | K68: 2
A69: =ROW()-2 -> 67 | B69: 1 | C69: 10 | D69: =IF(AND(B68=B69,C68=C69),D68+1,1) -> 3 | F69: 小山米子 | G69: 6－6 | H69: 861－6556 | I69: 米子R8(87)S13.3.29 | J69: 要 | K69: 1
A70: =ROW()-2 -> 68 | B70: 1 | C70: 10 | D70: =IF(AND(B69=B70,C69=C70),D69+1,1) -> 4 | F70: 須田公子 | G70: 6－6 | H70: 861－4475 | I70: R4.評議員は「重光隆子」さん 090-5508-6158 公子R7(93)S7.3.18 | J70: 不要 | K70: 3
A71: =ROW()-2 -> 69 | B71: 1 | C71: 10 | D71: =IF(AND(B70=B71,C70=C71),D70+1,1) -> 5 | F71: 牧野ビル | I71: R6.4月～※回覧不要（町内会費3,600円のみ）
A72: =ROW()-2 -> 70 | B72: 1 | C72: 10 | D72: =IF(AND(B71=B72,C71=C72),D71+1,1) -> 6 | F72: 井岡拓也 | G72: 6－6－5 | H72: 070-5601-3998 | I72: 拓也1993.7.20生R8(32) 2026.1月加入 ※R8乳児 | J72: 要 | K72: 2
A73: =ROW()-2 -> 71 | B73: 1 | C73: 11 | D73: =IF(AND(B70=B73,C70=C73),D70+1,1) -> 1 | F73: 渡邊幾子 | G73: 6－68-14 G2 | H73: 861－5160 | I73: 901号室 渡邊幾子ｲｸｺR8(90)S11.1.5 ※長女,葉山在住 | J73: 要 | K73: 0
A74: =ROW()-2 -> 72 | B74: 1 | C74: 11 | D74: =IF(AND(B73=B74,C73=C74),D73+1,1) -> 2 | F74: 乾タヅ子 | G74: 6－68-14 G2 | H74: 861－6386 | I74: 902号室 タヅ子R7(79)S21.9.5 | J74: 不要 | K74: 1
A75: =ROW()-2 -> 73 | B75: 1 | C75: 11 | D75: =IF(AND(B74=B75,C74=C75),D74+1,1) -> 3 | F75: 矢部謙三 | G75: 6－68-14 G2 | H75: 861－8012 | I75: 801号室 謙三R7(88)S12.9.1 | J75: 不要
A76: =ROW()-2 -> 74 | B76: 1 | C76: 11 | D76: =IF(AND(B75=B76,C75=C76),D75+1,1) -> 4 | F76: 千葉幸代 | G76: 6－68-14 G2 | H76: 861－8988 | I76: 802号室 ※祭礼寄付の意志なし
A77: =ROW()-2 -> 75 | B77: 1 | C77: 11 | D77: =IF(AND(B76=B77,C76=C77),D76+1,1) -> 5 | F77: 杉澤知美 | G77: 6－68-14 G2 | H77: 861－5071 | I77: 701号室（久貝⇒杉澤）知美R8.2月(58)090-1539-9137 | J77: 不要 | K77: 2
A78: =ROW()-2 -> 76 | B78: 1 | C78: 11 | D78: =IF(AND(B77=B78,C77=C78),D77+1,1) -> 6 | F78: 伊藤健二 | G78: 6－68-14 G2 | I78: 702号室 健二R8.2月(73) 明美S14.1.1 | J78: 不要 | K78: 1
A79: =ROW()-2 -> 77 | B79: 1 | C79: 11 | D79: =IF(AND(B78=B79,C78=C79),D78+1,1) -> 7 | F79: 荒井照男 | G79: 6－68-14 G2 | H79: 046-848－5127 | I79: 703号室 照男R8.2月(62) | J79: 不要 | K79: 4
A80: =ROW()-2 -> 78 | B80: 1 | C80: 11 | D80: =IF(AND(B79=B80,C79=C80),D79+1,1) -> 8 | E80: ● | F80: 佐々木宏子 | G80: 6－68-14 G2 | I80: 601号室 宏子R8.2月(70) | J80: 不要 | K80: 0
A81: =ROW()-2 -> 79 | B81: 1 | C81: 11 | D81: =IF(AND(B80=B81,C80=C81),D80+1,1) -> 9 | F81: 佐々木雅浩 | G81: 6－68-14 G2 | H81: 861－7531 | I81: 603号室 雅浩R8.2月(57),啓子、雅史,里菜 | J81: 不要 | K81: 4
A82: =ROW()-2 -> 80 | B82: 1 | C82: 12 | D82: =IF(AND(B81=B82,C81=C82),D81+1,1) -> 1 | F82: 森良枝 | G82: 6－68-14 G2 | H82: 861－2322 | I82: 501号室 良枝S22.12.18(78) | J82: 不要 | K82: 0
A83: =ROW()-2 -> 81 | B83: 1 | C83: 12 | D83: =IF(AND(B82=B83,C82=C83),D82+1,1) -> 2 | E83: ● | F83: 千葉満 | G83: 6－68-14 G2 | I83: 502号室 満R8.2月(49) | J83: 不要 | K83: 0
A84: =ROW()-2 -> 82 | B84: 1 | C84: 12 | D84: =IF(AND(B83=B84,C83=C84),D83+1,1) -> 3 | F84: 鎌田智士 | G84: 6－68-14 G2 | H84: 090-7416-4378 | I84: 503号室 智士R8.2月(40) | J84: 不要 | K84: 0
A85: =ROW()-2 -> 83 | B85: 1 | C85: 12 | D85: =IF(AND(B84=B85,C84=C85),D84+1,1) -> 4 | F85: 古川孝一 | G85: 6－68-14 G2 | H85: 080-5694-8317 | I85: 504号室 R.7.3月加入 1964.8.20生(61) | J85: 不要 | K85: 1
A86: =ROW()-2 -> 84 | B86: 1 | C86: 12 | D86: =IF(AND(B85=B86,C85=C86),D85+1,1) -> 5 | F86: 杉森正博 | G86: 6－68-14 G2 | H86: 861－1736 | I86: 401号室 正博R8.2月(72) | J86: 要 | K86: 2
A87: =ROW()-2 -> 85 | B87: 1 | C87: 12 | D87: =IF(AND(B86=B87,C86=C87),D86+1,1) -> 6 | F87: 山口明良 | G87: 6－68-14 G2 | H87: 861－4840 | I87: 402号室 明良R8.2月(59), 評議員は「知佐子」さん？、珠未 | J87: 不要 | K87: 1
A88: =ROW()-2 -> 86 | B88: 1 | C88: 12 | D88: =IF(AND(B87=B88,C87=C88),D87+1,1) -> 7 | F88: 齋藤耕平 | G88: 6－68-14 G2 | H88: 080-3414-7545 | I88: 403号室 耕平R8.2月(41), 知美(080-3525-1135) | J88: 要 | K88: 3 | L88: 子供留守番あり
A89: =ROW()-2 -> 87 | B89: 1 | C89: 12 | D89: =IF(AND(B88=B89,C88=C89),D88+1,1) -> 8 | F89: 小田切幸男 | G89: 6－68-14 G2 | I89: 404号室 幸男S23.12.23(77) | J89: 要 | K89: 0 | L89: 訪問土日希望
A90: =ROW()-2 -> 88 | B90: 1 | C90: 12 | D90: =IF(AND(B89=B90,C89=C90),D89+1,1) -> 9 | F90: 矢畑進 | G90: 6－68-14 G2 | H90: 861－4220 | I90: 301号室 進R8.2月(56),サチ子、真那斗 | J90: 不要 | K90: 3
A91: =ROW()-2 -> 89 | B91: 1 | C91: 12 | D91: =IF(AND(B90=B91,C90=C91),D90+1,1) -> 10 | F91: 杉山政臣 | G91: 6－68-14 G2 | I91: 302号室 政臣R8.2月(38), 裕子,ひなた,瑛汰(10),敬汰 | J91: 要 | K91: 5 | L91: 瑛汰,放課後ひとりのことあり。
A92: =ROW()-2 -> 90 | B92: 1 | C92: 12 | D92: =IF(AND(B91=B92,C91=C92),D91+1,1) -> 11 | F92: 丸茂治彦 | G92: 6－68-14 G2 | H92: 861－8630 | I92: 303号室 治彦R8.2月(59) R3.評議員は「安岐子」さん, 舜弥,瞭太 | J92: 不要 | K92: 4
A93: =ROW()-2 -> 91 | B93: 1 | C93: 12 | D93: =IF(AND(B92=B93,C92=C93),D92+1,1) -> 12 | F93: 山岸靖子 | G93: 6－68-14 G2 | H93: 854－9148 | I93: 304号室 靖子R8.2月(72) | J93: 不要 | K93: 0
A94: =ROW()-2 -> 92 | B94: 1 | C94: 12 | D94: =IF(AND(B93=B94,C93=C94),D93+1,1) -> 13 | F94: 渡邉健志 | G94: 6－68-14 G2 | H94: 090-6633-4707 | I94: 201号室 健志R8.2月(42),妻「聖子」さん 2025.10月加入 | J94: 不要 | K94: 4
A95: =ROW()-2 -> 93 | B95: 1 | C95: 12 | D95: =IF(AND(B94=B95,C94=C95),D94+1,1) -> 14 | F95: 高橋昭仁 | G95: 6－68-14 G2 | H95: 861－5004 | I95: 202号室 昭仁R8.2月(65),評議員は「由美子」さん | J95: 不要 | K95: 1
A96: =ROW()-2 -> 94 | B96: 1 | C96: 12 | D96: =IF(AND(B95=B96,C95=C96),D95+1,1) -> 15 | F96: 雨海正男 | G96: 6－68-14 G2 | H96: 861－8916 | I96: 203号室 雨海正男ｱﾏｶﾞｲﾏｻｵR8.2月(74) | J96: 不要 | K96: 3
A97: =ROW()-2 -> 95 | B97: 1 | C97: 12 | D97: =IF(AND(B96=B97,C96=C97),D96+1,1) -> 16 | F97: 高橋博満 | G97: 6－68-14 G2 | H97: 861－5953 | I97: 204号室 博満R8.2月(62) | J97: 不要 | K97: 2
A98: =ROW()-2 -> 96 | B98: 2 | C98: 1 | D98: =IF(AND(B97=B98,C97=C98),D97+1,1) -> 1 | E98: ● | F98: 森田眞由美 | G98: 6－7 | H98: 861－7670 | I98: 眞由美R8.2月(67), 正子ﾏｻｺR7(92)S7.10.23-2025逝去 | J98: 不要 | K98: 0
A99: =ROW()-2 -> 97 | B99: 2 | C99: 1 | D99: =IF(AND(B98=B99,C98=C99),D98+1,1) -> 2 | F99: 森田章裕 | G99: 6－10 | H99: 080-1057-0799 | I99: 章裕R8.2月(40),評議員は「恵」(090-4525-3059)さん 裕翔, 柚芽 | J99: 要 | K99: 5
A100: =ROW()-2 -> 98 | B100: 2 | C100: 1 | D100: =IF(AND(B99=B100,C99=C100),D99+1,1) -> 3 | F100: 小澤正行 | G100: 6－8 | H100: 861－0783 | I100: 正行R8.2月(66), 紀子R7(70以上) | J100: 不要 | K100: 1
...

Sheet 2026-0426
A1: 駒寄町内会 会員名簿 (2026年04月26日現在) | J1: 避難 支援 | K1: 同居 家族
A2: 通番 | B2: 区 | C2: 班 | D2: No. | E2: 評議員 | F2: 氏名 ／ 屋号 | G2: 住所番地 | H2: 電 話 | I2: 備 考
A3: =ROW()-2 -> 1 | B3: 1 | C3: 1 | D3: =IF(AND(B2=B3,C2=C3),D2+1,1) -> 1 | F3: 中村芳朗 | G3: 6－1 | H3: 861－2770 | I3: 芳朗ﾖｼﾛｳ R8.2月(75) | J3: 要 | K3: 2
A4: =ROW()-2 -> 2 | B4: 1 | C4: 1 | D4: =IF(AND(B3=B4,C3=C4),D3+1,1) -> 2 | F4: 中村治子 | G4: 6－1 | H4: 861－2446 | I4: 治子ﾊﾙｺ R8.2月(81)S19.8.24 | J4: 不要 | K4: 0
A5: =ROW()-2 -> 3 | B5: 1 | C5: 1 | D5: =IF(AND(B4=B5,C4=C5),D4+1,1) -> 3 | F5: 松川正士 | G5: 6－1 | H5: 090-1779-5352 | I5: 正士ﾏｻｼ R8.2月(81)S19.3.31, 真美,妃由 | J5: 不要 | K5: 3 | L5: 861－2384
A6: =ROW()-2 -> 4 | B6: 1 | C6: 1 | D6: =IF(AND(B5=B6,C5=C6),D5+1,1) -> 4 | F6: 和田薪 | G6: 6－1 | H6: 861－2481 | I6: セラヴィ 京子R7(79)S21.7.5 | J6: 不要
A7: =ROW()-2 -> 5 | B7: 1 | C7: 1 | D7: =IF(AND(B6=B7,C6=C7),D6+1,1) -> 5 | F7: 平井進 | G7: 6－2 | H7: 861－3291 | I7: 進 R8.2月(78)S23.2.23 | J7: 不要 | K7: 0
A8: =ROW()-2 -> 6 | B8: 1 | C8: 1 | D8: =IF(AND(B7=B8,C7=C8),D7+1,1) -> 6 | F8: 長谷川聰 | G8: 6－2 | I8: H29.4～ 聰ｻﾄｼ S17.11.16(84) | J8: 不要 | K8: 0
A9: =ROW()-2 -> 7 | B9: 1 | C9: 1 | D9: =IF(AND(B8=B9,C8=C9),D8+1,1) -> 7 | F9: 粟飯原功 | G9: 6－2 | H9: 861－4015 | I9: R7(78)S23.1.19 | J9: 不要 | K9: 0
A10: =ROW()-2 -> 8 | B10: 1 | C10: 1 | D10: =IF(AND(B9=B10,C9=C10),D9+1,1) -> 8 | E10: ● | F10: 高橋正 | G10: 6－2 | H10: 861－0178 | I10: 正(R8.2月 62才)R3.評議員は「しのぶ」さん | J10: 不要 | K10: 2
A11: =ROW()-2 -> 9 | B11: 1 | C11: 1 | D11: =IF(AND(B10=B11,C10=C11),D10+1,1) -> 9 | E11: ◎ | F11: 林信行 | G11: 6－2 | H11: 090-3916-4588 | I11: H29.4(79)～ 046-854-9786 同居佐藤たい子R7(93)S6.11.6 | J11: 要 | K11: 2
A12: =ROW()-2 -> 10 | B12: 1 | C12: 1 | D12: =IF(AND(B11=B12,C11=C12),D11+1,1) -> 10 | F12: 町田恵資 | G12: 6－1 | H12: 046-861-1644 | I12: S44.5.26生 ※行事は不参加
A13: =ROW()-2 -> 11 | B13: 1 | C13: 2 | D13: =IF(AND(B11=B13,C11=C13),D11+1,1) -> 1 | F13: 紺野建設 | G13: 6－69 | H13: 861－3180 | J13: 不要
A14: =ROW()-2 -> 12 | B14: 1 | C14: 2 | D14: =IF(AND(B13=B14,C13=C14),D13+1,1) -> 2 | F14: 遠山悦子 | G14: 6－68 | H14: 861－3815 | I14: 悦子(r8.1月 60) R5.美代子さん逝去 | J14: 不要 | K14: 0
A15: =ROW()-2 -> 13 | B15: 1 | C15: 2 | D15: =IF(AND(B14=B15,C14=C15),D14+1,1) -> 3 | F15: 高瀬一 | G15: 6－69 | H15: 861－0509 | I15: 一ﾊｼﾞﾒR7(77)S23.9.22、幸子(80)S20.7.11、徹(?) | J15: 要 | K15: 6
A16: =ROW()-2 -> 14 | B16: 1 | C16: 2 | D16: =IF(AND(B15=B16,C15=C16),D15+1,1) -> 4 | E16: ◎ | F16: 齋藤勇 | G16: 6－68 | H16: 861－3823 | I16: 勇R8.2月(79)S21.8.4、ヨシ子(93)S6.1.2 | J16: 不要 | K16: 1
A17: =ROW()-2 -> 15 | B17: 1 | C17: 2 | D17: =IF(AND(B16=B17,C16=C17),D16+1,1) -> 5 | F17: 鍋田益男 | G17: 6－68片山303 | H17: 861－5959 | I17: 益男(88)S11.1.24、久枝(86)S14.2.16
A18: =ROW()-2 -> 16 | B18: 1 | C18: 2 | D18: =IF(AND(B17=B18,C17=C18),D17+1,1) -> 6 | F18: マミークリーニング | G18: 6－68 | H18: 861－1220
A19: =ROW()-2 -> 17 | B19: 1 | C19: 2 | D19: =IF(AND(B18=B19,C18=C19),D18+1,1) -> 7 | F19: 佐藤清 | G19: 6－69 | H19: 861－6235 | I19: H29.4～ 佐藤歯科（夜間不在） | J19: 不要 | K19: 0
A20: =ROW()-2 -> 18 | B20: 1 | C20: 2 | D20: =IF(AND(B19=B20,C19=C20),D19+1,1) -> 8 | E20: ● | F20: 戸村則登 | G20: 6－68-19 | H20: 090-6346-9518 | I20: R7.6月加入、S33.7.29生(67) | J20: 不要 | K20: 3
A21: =ROW()-2 -> 19 | B21: 1 | C21: 2 | D21: =IF(AND(B20=B21,C20=C21),D20+1,1) -> 9 | F21: 渡邊秀一 | G21: 6-69-12 | H21: 090-9328-7011 | I21: S62.5.30生(38) | J21: 不要 | K21: 1
A22: =ROW()-2 -> 20 | B22: 1 | C22: 3 | D22: =IF(AND(B19=B22,C19=C22),D19+1,1) -> 1 | E22: ◎ | F22: 佐久間明 | G22: 6－69 | H22: 861－3753 | I22: 明R8.2月(75)、満貴子ﾏｷｺ(?),均(090-9305-5987)梢(080-5078-6336),光,匠,楓 | J22: 不要 | K22: 7
A23: =ROW()-2 -> 21 | B23: 1 | C23: 3 | D23: =IF(AND(B22=B23,C22=C23),D22+1,1) -> 2 | F23: 鳥居スミヱ | G23: 6－77 | H23: 861－4993 | I23: 評議員は鳥居知加代 スミヱ(93)S7.5.31 | J23: 要 | K23: 1
A24: =ROW()-2 -> 22 | B24: 1 | C24: 3 | D24: =IF(AND(B23=B24,C23=C24),D23+1,1) -> 3 | F24: 渋江康弘 | G24: 6－77 | H24: 897－7032 | I24: 康弘ﾔｽﾋﾛR8.2月(82)S18.8.18、秀子ﾋﾃﾞｺ(79)S22.1.22 | J24: 不要 | K24: 1
A25: =ROW()-2 -> 23 | B25: 1 | C25: 3 | D25: =IF(AND(B24=B25,C24=C25),D24+1,1) -> 4 | E25: ● | F25: 石岡明憲 | G25: 6－77 | H25: 861－0925 | I25: (r8.1月 59) | J25: 不要 | K25: 1
A26: =ROW()-2 -> 24 | B26: 1 | C26: 3 | D26: =IF(AND(B25=B26,C25=C26),D25+1,1) -> 5 | F26: 中華料理成都 | G26: 6－77 | H26: 861－8060 | I26: 松本秀雄R8.2月(56) | J26: 不要 | K26: 1
A27: =ROW()-2 -> 25 | B27: 1 | C27: 3 | D27: =IF(AND(B26=B27,C26=C27),D26+1,1) -> 6 | F27: 武藤親弘 | G27: 6－76-4 | H27: 861－5829 | I27: 慎一R7(78)S22.4.25 親弘(R8.2月45歳, 090-7225-8149)敏恵,慎太郎,光次郎 | J27: 不要 | K27: 4
A28: =ROW()-2 -> 26 | B28: 1 | C28: 3 | D28: =IF(AND(B27=B28,C27=C28),D27+1,1) -> 7 | F28: 串一 | G28: 6－77 | H28: 861－2733 | I28: 中村太一 店舗 | J28: 不要
A29: =ROW()-2 -> 27 | B29: 1 | C29: 3 | D29: =IF(AND(B28=B29,C28=C29),D28+1,1) -> 8 | F29: AJITO中村みどり | G29: 6－77 | H29: 887－0676 | I29: 中村修一R8.2月(77)S23.10.15 店舗 | J29: 不要 | K29: 2
A30: =ROW()-2 -> 28 | B30: 1 | C30: 4 | D30: =IF(AND(B29=B30,C29=C30),D29+1,1) -> 1 | E30: ● | F30: 澤登武文 | G30: 6－75 | H30: 861－4214 | I30: 武文(R8.2月 56)R4 弘志さん逝去 | J30: 不要 | K30: 2
A31: =ROW()-2 -> 29 | B31: 1 | C31: 4 | D31: =IF(AND(B30=B31,C30=C31),D30+1,1) -> 2 | E31: ◎ | F31: 秋山芳美 | G31: 6－74 | H31: 861－7234 | I31: 芳美(R8.2月 57) | J31: 不要 | K31: 4
A32: =ROW()-2 -> 30 | B32: 1 | C32: 4 | D32: =IF(AND(B31=B32,C31=C32),D31+1,1) -> 3 | F32: 櫻井治 | G32: 6－74 | H32: 861－2490 | I32: 治ｵｻﾑR7(76)S24.2.2・美保子ﾐﾎｺ(76)S24.11.4 | J32: 不要 | K32: 3
A33: =ROW()-2 -> 31 | B33: 1 | C33: 4 | D33: =IF(AND(B32=B33,C32=C33),D32+1,1) -> 4 | F33: 松永彰 | G33: 6－74 | H33: 861－2132 | I33: プレミール 彰ｱｷﾗR7(75)、正子(?) | J33: 不要 | K33: 1
A34: =ROW()-2 -> 32 | B34: 1 | C34: 4 | D34: =IF(AND(B33=B34,C33=C34),D33+1,1) -> 5 | F34: 橋本勇 | G34: 6－74 | H34: 861－2905 | I34: 勇ｲｻﾑR7(80)S20.5.18・愛子(79)S21.8.9 | J34: 不要 | K34: 3
A35: =ROW()-2 -> 33 | B35: 1 | C35: 4 | D35: =IF(AND(B34=B35,C34=C35),D34+1,1) -> 6 | F35: 瀧下なつみ | G35: 6－75 | H35: 080-5417-6576 | I35: なつみ(R8.2月 30) R1.4〜スズサンマンション302, 礼 | J35: 不要 | K35: 2
A36: =ROW()-2 -> 34 | B36: 1 | C36: 5 | D36: =IF(AND(B35=B36,C35=C36),D35+1,1) -> 1 | E36: ◎ | F36: 鈴木洋一 | G36: 6－66－４ G3 | H36: 090-8506-2232 | I36: 102号室 洋一(R8.2月55歳)（861-8656 or 4686）評議員は宣子,理沙,玲奈 | J36: 不要 | K36: 5
A37: =ROW()-2 -> 35 | B37: 1 | C37: 5 | D37: =IF(AND(B36=B37,C36=C37),D36+1,1) -> 2 | E37: ● | F37: 首藤睦 | G37: 6－66－４ G3 | H37: 861－9056 | I37: 203号室 睦(R8.2月56歳) | J37: 不要 | K37: 1
A38: =ROW()-2 -> 36 | B38: 1 | C38: 5 | D38: =IF(AND(B37=B38,C37=C38),D37+1,1) -> 3 | F38: 大野誠治 | G38: 6－66－４ G3 | H38: 861－8652 | I38: 403号室 誠治(R8.2月 61歳), 優李亜 | J38: 不要 | K38: 1
A39: =ROW()-2 -> 37 | B39: 1 | C39: 6 | D39: =IF(AND(B38=B39,C38=C39),D38+1,1) -> 1 | F39: 青山啓二 | G39: 6－66 | H39: 861－3697 | I39: 啓二(R8.2月 73歳), 順子ｼﾞｭﾝｺR7(75) | J39: 不要 | K39: 2
A40: =ROW()-2 -> 38 | B40: 1 | C40: 6 | D40: =IF(AND(B39=B40,C39=C40),D39+1,1) -> 2 | F40: 西田善隆 | G40: 6－70 | H40: 861－6352 | I40: 善隆R8.2月(54) | J40: 不要 | K40: 1
A41: =ROW()-2 -> 39 | B41: 1 | C41: 6 | D41: =IF(AND(B40=B41,C40=C41),D40+1,1) -> 3 | F41: 渡戸正志 | G41: 6－70 | H41: 861－8128 | I41: 渡戸正志ﾜﾀﾄﾞﾏｻｼR7(78)S22.7.1、清美(?) | J41: 要 | K41: 1
A42: =ROW()-2 -> 40 | B42: 1 | C42: 6 | D42: =IF(AND(B41=B42,C41=C42),D41+1,1) -> 4 | E42: ● | F42: 冨田剛 | G42: 6-63-27 | H42: 090-7828-7469 | I42: H31.1-, 剛(R8.2月40歳),綾乃,鈴,昇 | J42: 不要 | K42: 4
A43: =ROW()-2 -> 41 | B43: 1 | C43: 6 | D43: =IF(AND(B42=B43,C42=C43),D42+1,1) -> 5 | E43: ◎ | F43: 堀井広樹 | G43: 6-63-7 | H43: 090-3406-1011 | I43: R1.5〜 広樹(R8.2月35歳) | J43: 不要 | K43: 4
A44: =ROW()-2 -> 42 | B44: 1 | C44: 6 | D44: =IF(AND(B43=B44,C43=C44),D43+1,1) -> 6 | F44: 菊池崇広 | G44: 6-47-54 | H44: 090-8585-0686 | I44: R7.2加入〜 ﾀｶﾋﾛ(1993.10.4生) | J44: 不要 | K44: 3
A45: =ROW()-2 -> 43 | B45: 1 | C45: 6 | D45: =IF(AND(B44=B45,C44=C45),D44+1,1) -> 7 | F45: 冨松良紀 | G45: 6-47-28 | H45: 090-4537-8236 | I45: R7.4加入 1998.5月生(27)（橘鷹さん孫）愛海,ひまり | J45: 不要 | K45: 4
A46: =ROW()-2 -> 44 | B46: 1 | C46: 7 | D46: =IF(AND(B43=B46,C43=C46),D43+1,1) -> 1 | E46: ◎ | F46: 山合行之 | G46: 6－70 | H46: 861－8640 | I46: 行之ｺｳｼ(R8.2月73歳)、博美ﾋﾛﾐ | J46: 不要 | K46: 1
A47: =ROW()-2 -> 45 | B47: 1 | C47: 7 | D47: =IF(AND(B46=B47,C46=C47),D46+1,1) -> 2 | E47: ● | F47: 鈴木啓次 | G47: 6－70 | H47: 861－6138 | I47: 啓次(R8.2月 68歳) | J47: 不要 | K47: 2
A48: =ROW()-2 -> 46 | B48: 1 | C48: 7 | D48: =IF(AND(B47=B48,C47=C48),D47+1,1) -> 3 | F48: 宮野弘明 | G48: 6－62 | H48: 861－4059 | I48: 弘明R8.2月(70), 正子, 評議員は「道子」さん？ | J48: 不要 | K48: 0
A49: =ROW()-2 -> 47 | B49: 1 | C49: 7 | D49: =IF(AND(B48=B49,C48=C49),D48+1,1) -> 4 | F49: 小野怜子 | G49: 6－62 | H49: 861－2375 | I49: 怜子R8.2月(81)S20.3.10 | J49: 不要 | K49: 0
A50: =ROW()-2 -> 48 | B50: 1 | C50: 7 | D50: =IF(AND(B49=B50,C49=C50),D49+1,1) -> 5 | F50: 中村未紀 | G50: 6－70 | H50: 090-7227-0266 | I50: R3.12月加入//S43.4.23生(57) | J50: 不要 | K50: 1
A51: =ROW()-2 -> 49 | B51: 1 | C51: 8 | D51: =IF(AND(B50=B51,C50=C51),D50+1,1) -> 1 | E51: ● | F51: 齋藤智子 | G51: 6－67 | H51: 861－4325 | I51: R3.評議員は「智子R8.2月(72)」さん 良一R7(75)逝去 | J51: 不要 | K51: 0
A52: =ROW()-2 -> 50 | B52: 1 | C52: 8 | D52: =IF(AND(B51=B52,C51=C52),D51+1,1) -> 2 | F52: 齋藤和枝 | G52: 6－67 | H52: 861－1010 | I52: H29.4～ 和枝(80)S20.4.17・礼子(77)S23.1.22 | J52: 要 | K52: 2
A53: =ROW()-2 -> 51 | B53: 1 | C53: 8 | D53: =IF(AND(B52=B53,C52=C53),D52+1,1) -> 3 | E53: ◎ | F53: 溝口美代子 | G53: 6－66 | H53: 861－3965 | I53: 美代子R7(79)S21.12.13 | J53: 要 | K53: 0
A54: =ROW()-2 -> 52 | B54: 1 | C54: 8 | D54: =IF(AND(B53=B54,C53=C54),D53+1,1) -> 4 | F54: 宮川正子 | G54: 6－65 | H54: 861－0881 | I54: 正子ﾏｻｺR7(77)S22.7.15 ※留守多し
A55: =ROW()-2 -> 53 | B55: 1 | C55: 8 | D55: =IF(AND(B54=B55,C54=C55),D54+1,1) -> 5 | F55: 佐々木由香里 | G55: 6－65 | H55: 070-1226-1130 | I55: 由香里r8.2月(42), 梨々華,藍來 | J55: 要 | K55: 2
A56: =ROW()-2 -> 54 | B56: 1 | C56: 8 | D56: =IF(AND(B55=B56,C55=C56),D55+1,1) -> 6 | F56: 橘鷹裕介 | G56: 6－63－10 | H56: 861－2969 | I56: 評議員は「節子」さん 裕介R8.2月(48),節子R7(76)S24.2.27、在彩 | J56: 不要 | K56: 3
A57: =ROW()-2 -> 55 | B57: 1 | C57: 8 | D57: =IF(AND(B56=B57,C56=C57),D56+1,1) -> 7 | F57: 玉田義輝 | G57: 6－63 | H57: 090-8778-2829 | I57: 評議員は「優子」さん, 義輝R8.2月(52),輝優,哲輝 | J57: 不要 | K57: 3
A58: =ROW()-2 -> 56 | B58: 1 | C58: 9 | D58: =IF(AND(B57=B58,C57=C58),D57+1,1) -> 1 | E58: ◎ | F58: 金子勲 | G58: 6－63 | H58: 861－3586 | I58: 評議員は「尚子」さん 勲R8.2月(92)S9.1.10 | J58: 不要 | K58: 5
A59: =ROW()-2 -> 57 | B59: 1 | C59: 9 | D59: =IF(AND(B58=B59,C58=C59),D58+1,1) -> 2 | F59: 松本弘子 | G59: 6－63 | H59: 861－4055 | I59: 評議員は妹の：加瀬和子S24.1.28 ※祭礼寄付は加瀬さん | J59: 不要 | K59: 0 | L59: 加瀬和子
A60: =ROW()-2 -> 58 | B60: 1 | C60: 9 | D60: =IF(AND(B59=B60,C59=C60),D59+1,1) -> 3 | F60: 関口香奈 | G60: 6－63 | H60: 861－0304 | I60: 桑名須美枝 関口香奈R8.2月(64)：090-6047-4874 | J60: 不要 | K60: 1
A61: =ROW()-2 -> 59 | B61: 1 | C61: 9 | D61: =IF(AND(B60=B61,C60=C61),D60+1,1) -> 4 | F61: 藤田範男 | G61: 6－64 | H61: 861－4047 | I61: 範男R8.2月(68),ユキエR7(94)S6.7.28-2025逝去 | J61: 不要 | K61: 2
A62: =ROW()-2 -> 60 | B62: 1 | C62: 9 | D62: =IF(AND(B61=B62,C61=C62),D61+1,1) -> 5 | F62: 前田清孝 | G62: 6－64 | H62: 861－6619 | I62: 清孝(68) | J62: 不要 | K62: 0
A63: =ROW()-2 -> 61 | B63: 1 | C63: 9 | D63: =IF(AND(B62=B63,C62=C63),D62+1,1) -> 6 | E63: ● | F63: 高島秀夫 | G63: 6－64 | H63: 861－8908 | I63: 秀夫R8.2月(74), 佳子ｹｲｺ | J63: 不要 | K63: 3
A64: =ROW()-2 -> 62 | B64: 1 | C64: 9 | D64: =IF(AND(B63=B64,C63=C64),D63+1,1) -> 7 | F64: 桐生勝巳 | G64: 6－65 | H64: 090-1604-7097 | I64: 勝巳R8.2月(61),H31.4～ 菊池篤子ｱﾂｺR7(82)S18.1.2, 千鶴子,実咲 | J64: 要 | K64: 4
A65: =ROW()-2 -> 63 | B65: 1 | C65: 9 | D65: =IF(AND(B64=B65,C64=C65),D64+1,1) -> 8 | F65: 前田拓也 | G65: 6－65 | H65: 090-1698-7304 | I65: H31.4～(34),涼子,恵梨絵,茉莉恵 | J65: 不要 | K65: 4
A66: =ROW()-2 -> 64 | B66: 1 | C66: 9 | D66: =IF(AND(B65=B66,C65=C66),D65+1,1) -> 9 | F66: 竹本久子 | G66: 6－65 | H66: 090-2426-5722 | I66: R5.8月入会 1954.1.6生(72) 三角 | J66: 不要 | K66: 0
A67: =ROW()-2 -> 65 | B67: 1 | C67: 10 | D67: =IF(AND(B65=B67,C65=C67),D65+1,1) -> 1 | F67: 須田昭 | G67: 6－3 | H67: 861－0046
A68: =ROW()-2 -> 66 | B68: 1 | C68: 10 | D68: =IF(AND(B67=B68,C67=C68),D67+1,1) -> 2 | E68: ● | F68: 福寿早苗 | G68: 6－6 | H68: 861－5768 | I68: 早苗R8(82)S19.1.2 | J68: 要 | K68: 2
A69: =ROW()-2 -> 67 | B69: 1 | C69: 10 | D69: =IF(AND(B68=B69,C68=C69),D68+1,1) -> 3 | F69: 小山米子 | G69: 6－6 | H69: 861－6556 | I69: 米子R8(87)S13.3.29 | J69: 要 | K69: 1
A70: =ROW()-2 -> 68 | B70: 1 | C70: 10 | D70: =IF(AND(B69=B70,C69=C70),D69+1,1) -> 4 | E70: ◎ | F70: 須田公子 | G70: 6－6 | H70: 861－4475 | I70: R4.評議員は「重光隆子」さん 090-5508-6158 公子R7(93)S7.3.18 | J70: 不要 | K70: 3
A71: =ROW()-2 -> 69 | B71: 1 | C71: 10 | D71: =IF(AND(B70=B71,C70=C71),D70+1,1) -> 5 | F71: 牧野ビル | I71: R6.4月～※回覧不要（町内会費3,600円のみ）
A72: =ROW()-2 -> 70 | B72: 1 | C72: 10 | D72: =IF(AND(B71=B72,C71=C72),D71+1,1) -> 6 | F72: 井岡拓也 | G72: 6－6－5 | H72: 070-5601-3998 | I72: 拓也1993.7.20生R8(32) 2026.1月加入 ※R8乳児 | J72: 要 | K72: 2
A73: =ROW()-2 -> 71 | B73: 1 | C73: 11 | D73: =IF(AND(B70=B73,C70=C73),D70+1,1) -> 1 | F73: 渡邊幾子 | G73: 6－68-14 G2 | H73: 861－5160 | I73: 901号室 渡邊幾子ｲｸｺR8(90)S11.1.5 ※長女,葉山在住 | J73: 要 | K73: 0
A74: =ROW()-2 -> 72 | B74: 1 | C74: 11 | D74: =IF(AND(B73=B74,C73=C74),D73+1,1) -> 2 | F74: 乾タヅ子 | G74: 6－68-14 G2 | H74: 861－6386 | I74: 902号室 タヅ子R7(79)S21.9.5 | J74: 不要 | K74: 1
A75: =ROW()-2 -> 73 | B75: 1 | C75: 11 | D75: =IF(AND(B74=B75,C74=C75),D74+1,1) -> 3 | F75: 矢部謙三 | G75: 6－68-14 G2 | H75: 861－8012 | I75: 801号室 謙三R7(88)S12.9.1 | J75: 不要
A76: =ROW()-2 -> 74 | B76: 1 | C76: 11 | D76: =IF(AND(B75=B76,C75=C76),D75+1,1) -> 4 | F76: 千葉幸代 | G76: 6－68-14 G2 | H76: 861－8988 | I76: 802号室 ※祭礼寄付の意志なし
A77: =ROW()-2 -> 75 | B77: 1 | C77: 11 | D77: =IF(AND(B76=B77,C76=C77),D76+1,1) -> 5 | F77: 杉澤知美 | G77: 6－68-14 G2 | H77: 861－5071 | I77: 701号室（久貝⇒杉澤）知美R8.2月(58)090-1539-9137 | J77: 不要 | K77: 2
A78: =ROW()-2 -> 76 | B78: 1 | C78: 11 | D78: =IF(AND(B77=B78,C77=C78),D77+1,1) -> 6 | F78: 伊藤健二 | G78: 6－68-14 G2 | I78: 702号室 健二R8.2月(73) 明美S14.1.1 | J78: 不要 | K78: 1
A79: =ROW()-2 -> 77 | B79: 1 | C79: 11 | D79: =IF(AND(B78=B79,C78=C79),D78+1,1) -> 7 | E79: ◎ | F79: 荒井照男 | G79: 6－68-14 G2 | H79: 046-848－5127 | I79: 703号室 照男R8.2月(62) | J79: 不要 | K79: 4
A80: =ROW()-2 -> 78 | B80: 1 | C80: 11 | D80: =IF(AND(B79=B80,C79=C80),D79+1,1) -> 8 | E80: ● | F80: 佐々木宏子 | G80: 6－68-14 G2 | I80: 601号室 宏子R8.2月(70) | J80: 不要 | K80: 0
A81: =ROW()-2 -> 79 | B81: 1 | C81: 11 | D81: =IF(AND(B80=B81,C80=C81),D80+1,1) -> 9 | F81: 佐々木雅浩 | G81: 6－68-14 G2 | H81: 861－7531 | I81: 603号室 雅浩R8.2月(57),啓子、雅史,里菜 | J81: 不要 | K81: 4
A82: =ROW()-2 -> 80 | B82: 1 | C82: 12 | D82: =IF(AND(B81=B82,C81=C82),D81+1,1) -> 1 | E82: ◎ | F82: 森良枝 | G82: 6－68-14 G2 | H82: 861－2322 | I82: 501号室 良枝S22.12.18(78) | J82: 不要 | K82: 0
A83: =ROW()-2 -> 81 | B83: 1 | C83: 12 | D83: =IF(AND(B82=B83,C82=C83),D82+1,1) -> 2 | E83: ● | F83: 千葉満 | G83: 6－68-14 G2 | I83: 502号室 満R8.2月(49) | J83: 不要 | K83: 0
A84: =ROW()-2 -> 82 | B84: 1 | C84: 12 | D84: =IF(AND(B83=B84,C83=C84),D83+1,1) -> 3 | F84: 鎌田智士 | G84: 6－68-14 G2 | H84: 090-7416-4378 | I84: 503号室 智士R8.2月(40) | J84: 不要 | K84: 0
A85: =ROW()-2 -> 83 | B85: 1 | C85: 12 | D85: =IF(AND(B84=B85,C84=C85),D84+1,1) -> 4 | F85: 古川孝一 | G85: 6－68-14 G2 | H85: 080-5694-8317 | I85: 504号室 R.7.3月加入 1964.8.20生(61) | J85: 不要 | K85: 1
A86: =ROW()-2 -> 84 | B86: 1 | C86: 12 | D86: =IF(AND(B85=B86,C85=C86),D85+1,1) -> 5 | F86: 杉森正博 | G86: 6－68-14 G2 | H86: 861－1736 | I86: 401号室 正博R8.2月(72) | J86: 要 | K86: 2
A87: =ROW()-2 -> 85 | B87: 1 | C87: 12 | D87: =IF(AND(B86=B87,C86=C87),D86+1,1) -> 6 | F87: 山口明良 | G87: 6－68-14 G2 | H87: 861－4840 | I87: 402号室 明良R8.2月(59), 評議員は「知佐子」さん？、珠未 | J87: 不要 | K87: 1
A88: =ROW()-2 -> 86 | B88: 1 | C88: 12 | D88: =IF(AND(B87=B88,C87=C88),D87+1,1) -> 7 | F88: 齋藤耕平 | G88: 6－68-14 G2 | H88: 080-3414-7545 | I88: 403号室 耕平R8.2月(41), 知美(080-3525-1135) | J88: 要 | K88: 3 | L88: 子供留守番あり
A89: =ROW()-2 -> 87 | B89: 1 | C89: 12 | D89: =IF(AND(B88=B89,C88=C89),D88+1,1) -> 8 | F89: 小田切幸男 | G89: 6－68-14 G2 | I89: 404号室 幸男S23.12.23(77) | J89: 要 | K89: 0 | L89: 訪問土日希望
A90: =ROW()-2 -> 88 | B90: 1 | C90: 12 | D90: =IF(AND(B89=B90,C89=C90),D89+1,1) -> 9 | F90: 矢畑進 | G90: 6－68-14 G2 | H90: 861－4220 | I90: 301号室 進R8.2月(56),サチ子、真那斗 | J90: 不要 | K90: 3
A91: =ROW()-2 -> 89 | B91: 1 | C91: 12 | D91: =IF(AND(B90=B91,C90=C91),D90+1,1) -> 10 | F91: 杉山政臣 | G91: 6－68-14 G2 | I91: 302号室 政臣R8.2月(38), 裕子,ひなた,瑛汰(10),敬汰 | J91: 要 | K91: 5 | L91: 瑛汰,放課後ひとりのことあり。
A92: =ROW()-2 -> 90 | B92: 1 | C92: 12 | D92: =IF(AND(B91=B92,C91=C92),D91+1,1) -> 11 | F92: 丸茂治彦 | G92: 6－68-14 G2 | H92: 861－8630 | I92: 303号室 治彦R8.2月(59) R3.評議員は「安岐子」さん, 舜弥,瞭太 | J92: 不要 | K92: 4
A93: =ROW()-2 -> 91 | B93: 1 | C93: 12 | D93: =IF(AND(B92=B93,C92=C93),D92+1,1) -> 12 | F93: 山岸靖子 | G93: 6－68-14 G2 | H93: 854－9148 | I93: 304号室 靖子R8.2月(72) | J93: 不要 | K93: 0
A94: =ROW()-2 -> 92 | B94: 1 | C94: 12 | D94: =IF(AND(B93=B94,C93=C94),D93+1,1) -> 13 | F94: 渡邉健志 | G94: 6－68-14 G2 | H94: 090-6633-4707 | I94: 201号室 健志R8.2月(42),妻「聖子」さん 2025.10月加入 | J94: 不要 | K94: 4
A95: =ROW()-2 -> 93 | B95: 1 | C95: 12 | D95: =IF(AND(B94=B95,C94=C95),D94+1,1) -> 14 | F95: 高橋昭仁 | G95: 6－68-14 G2 | H95: 861－5004 | I95: 202号室 昭仁R8.2月(65),評議員は「由美子」さん | J95: 不要 | K95: 1
A96: =ROW()-2 -> 94 | B96: 1 | C96: 12 | D96: =IF(AND(B95=B96,C95=C96),D95+1,1) -> 15 | F96: 雨海正男 | G96: 6－68-14 G2 | H96: 861－8916 | I96: 203号室 雨海正男ｱﾏｶﾞｲﾏｻｵR8.2月(74) | J96: 不要 | K96: 3
A97: =ROW()-2 -> 95 | B97: 1 | C97: 12 | D97: =IF(AND(B96=B97,C96=C97),D96+1,1) -> 16 | F97: 高橋博満 | G97: 6－68-14 G2 | H97: 861－5953 | I97: 204号室 博満R8.2月(62) | J97: 不要 | K97: 2
A98: =ROW()-2 -> 96 | B98: 2 | C98: 1 | D98: =IF(AND(B97=B98,C97=C98),D97+1,1) -> 1 | E98: ● | F98: 森田眞由美 | G98: 6－7 | H98: 861－7670 | I98: 眞由美R8.2月(67), 正子ﾏｻｺR7(92)S7.10.23-2025逝去 | J98: 不要 | K98: 0
A99: =ROW()-2 -> 97 | B99: 2 | C99: 1 | D99: =IF(AND(B98=B99,C98=C99),D98+1,1) -> 2 | F99: 森田章裕 | G99: 6－10 | H99: 080-1057-0799 | I99: 章裕R8.2月(40),評議員は「恵」(090-4525-3059)さん 裕翔, 柚芽 | J99: 要 | K99: 5
A100: =ROW()-2 -> 98 | B100: 2 | C100: 1 | D100: =IF(AND(B99=B100,C99=C100),D99+1,1) -> 3 | F100: 小澤正行 | G100: 6－8 | H100: 861－0783 | I100: 正行R8.2月(66), 紀子R7(70以上) | J100: 不要 | K100: 1
...

Sheet 2026-0418
A1: 駒寄町内会 会員名簿 (2026年04月18日現在) | J1: 避難 支援 | K1: 同居 家族
A2: 通番 | B2: 区 | C2: 班 | D2: No. | E2: 評議員 | F2: 氏名 ／ 屋号 | G2: 住所番地 | H2: 電 話 | I2: 備 考
A3: =ROW()-2 -> 1 | B3: 1 | C3: 1 | D3: =IF(AND(B2=B3,C2=C3),D2+1,1) -> 1 | F3: 中村芳朗 | G3: 6－1 | H3: 861－2770 | I3: 芳朗ﾖｼﾛｳ R8.2月(75) | J3: 要 | K3: 2
A4: =ROW()-2 -> 2 | B4: 1 | C4: 1 | D4: =IF(AND(B3=B4,C3=C4),D3+1,1) -> 2 | F4: 中村治子 | G4: 6－1 | H4: 861－2446 | I4: 治子ﾊﾙｺ R8.2月(81)S19.8.24 | J4: 不要 | K4: 0
A5: =ROW()-2 -> 3 | B5: 1 | C5: 1 | D5: =IF(AND(B4=B5,C4=C5),D4+1,1) -> 3 | F5: 松川正士 | G5: 6－1 | H5: 861－2384 | I5: 正士ﾏｻｼ R8.2月(81)S19.3.31, 真美,妃由 | J5: 不要 | K5: 3
A6: =ROW()-2 -> 4 | B6: 1 | C6: 1 | D6: =IF(AND(B5=B6,C5=C6),D5+1,1) -> 4 | F6: 和田薪 | G6: 6－1 | H6: 861－2481 | I6: セラヴィ 京子R7(79)S21.7.5 | J6: 不要
A7: =ROW()-2 -> 5 | B7: 1 | C7: 1 | D7: =IF(AND(B6=B7,C6=C7),D6+1,1) -> 5 | F7: 平井進 | G7: 6－2 | H7: 861－3291 | I7: 進 R8.2月(78)S23.2.23 | J7: 不要 | K7: 0
A8: =ROW()-2 -> 6 | B8: 1 | C8: 1 | D8: =IF(AND(B7=B8,C7=C8),D7+1,1) -> 6 | F8: 長谷川聰 | G8: 6－2 | I8: H29.4～ 聰ｻﾄｼ S17.11.16(84) | J8: 不要 | K8: 0
A9: =ROW()-2 -> 7 | B9: 1 | C9: 1 | D9: =IF(AND(B8=B9,C8=C9),D8+1,1) -> 7 | F9: 粟飯原功 | G9: 6－2 | H9: 861－4015 | I9: R7(78)S23.1.19 | J9: 不要 | K9: 0
A10: =ROW()-2 -> 8 | B10: 1 | C10: 1 | D10: =IF(AND(B9=B10,C9=C10),D9+1,1) -> 8 | E10: ● | F10: 高橋正 | G10: 6－2 | H10: 861－0178 | I10: 正(R8.2月 62才)R3.評議員は「しのぶ」さん | J10: 不要 | K10: 2
A11: =ROW()-2 -> 9 | B11: 1 | C11: 1 | D11: =IF(AND(B10=B11,C10=C11),D10+1,1) -> 9 | E11: ◎ | F11: 林信行 | G11: 6－2 | H11: 090-3916-4588 | I11: H29.4(79)～ 046-854-9786 同居佐藤たい子R7(93)S6.11.6 | J11: 要 | K11: 2
A12: =ROW()-2 -> 10 | B12: 1 | C12: 1 | D12: =IF(AND(B11=B12,C11=C12),D11+1,1) -> 10 | F12: 町田恵資 | G12: 6－1 | H12: 046-861-1644 | I12: S44.5.26生 ※行事は不参加
A13: =ROW()-2 -> 11 | B13: 1 | C13: 2 | D13: =IF(AND(B11=B13,C11=C13),D11+1,1) -> 1 | F13: 紺野建設 | G13: 6－69 | H13: 861－3180 | J13: 不要
A14: =ROW()-2 -> 12 | B14: 1 | C14: 2 | D14: =IF(AND(B13=B14,C13=C14),D13+1,1) -> 2 | F14: 遠山悦子 | G14: 6－68 | H14: 861－3815 | I14: 悦子(r8.1月 60) R5.美代子さん逝去 | J14: 不要 | K14: 0
A15: =ROW()-2 -> 13 | B15: 1 | C15: 2 | D15: =IF(AND(B14=B15,C14=C15),D14+1,1) -> 3 | F15: 高瀬一 | G15: 6－69 | H15: 861－0509 | I15: 一ﾊｼﾞﾒR7(77)S23.9.22、幸子(80)S20.7.11、徹(?) | J15: 要 | K15: 6
A16: =ROW()-2 -> 14 | B16: 1 | C16: 2 | D16: =IF(AND(B15=B16,C15=C16),D15+1,1) -> 4 | E16: ◎ | F16: 齋藤勇 | G16: 6－68 | H16: 861－3823 | I16: 勇R8.2月(79)S21.8.4、ヨシ子(93)S6.1.2 | J16: 不要 | K16: 1
A17: =ROW()-2 -> 15 | B17: 1 | C17: 2 | D17: =IF(AND(B16=B17,C16=C17),D16+1,1) -> 5 | F17: 鍋田益男 | G17: 6－68片山303 | H17: 861－5959 | I17: 益男(88)S11.1.24、久枝(86)S14.2.16
A18: =ROW()-2 -> 16 | B18: 1 | C18: 2 | D18: =IF(AND(B17=B18,C17=C18),D17+1,1) -> 6 | F18: マミークリーニング | G18: 6－68 | H18: 861－1220
A19: =ROW()-2 -> 17 | B19: 1 | C19: 2 | D19: =IF(AND(B18=B19,C18=C19),D18+1,1) -> 7 | F19: 佐藤清 | G19: 6－69 | H19: 861－6235 | I19: H29.4～ 佐藤歯科（夜間不在） | J19: 不要 | K19: 0
A20: =ROW()-2 -> 18 | B20: 1 | C20: 2 | D20: =IF(AND(B19=B20,C19=C20),D19+1,1) -> 8 | E20: ● | F20: 戸村則登 | G20: 6－68-19 | H20: 090-6346-9518 | I20: R7.6月加入、S33.7.29生(67) | J20: 不要 | K20: 3
A21: =ROW()-2 -> 19 | B21: 1 | C21: 2 | D21: =IF(AND(B20=B21,C20=C21),D20+1,1) -> 9 | F21: 渡邊秀一 | G21: 6-69-12 | H21: 090-9328-7011 | I21: S62.5.30生(38) | J21: 不要 | K21: 1
A22: =ROW()-2 -> 20 | B22: 1 | C22: 3 | D22: =IF(AND(B19=B22,C19=C22),D19+1,1) -> 1 | E22: ◎ | F22: 佐久間明 | G22: 6－69 | H22: 861－3753 | I22: 明R8.2月(75)、満貴子ﾏｷｺ(?),均(090-9305-5987)梢(080-5078-6336),光,匠,楓 | J22: 不要 | K22: 7
A23: =ROW()-2 -> 21 | B23: 1 | C23: 3 | D23: =IF(AND(B22=B23,C22=C23),D22+1,1) -> 2 | F23: 鳥居スミヱ | G23: 6－77 | H23: 861－4993 | I23: 評議員は鳥居知加代 スミヱ(93)S7.5.31 | J23: 要 | K23: 1
A24: =ROW()-2 -> 22 | B24: 1 | C24: 3 | D24: =IF(AND(B23=B24,C23=C24),D23+1,1) -> 3 | F24: 渋江康弘 | G24: 6－77 | H24: 897－7032 | I24: 康弘ﾔｽﾋﾛR8.2月(82)S18.8.18、秀子ﾋﾃﾞｺ(79)S22.1.22 | J24: 不要 | K24: 1
A25: =ROW()-2 -> 23 | B25: 1 | C25: 3 | D25: =IF(AND(B24=B25,C24=C25),D24+1,1) -> 4 | E25: ● | F25: 石岡明憲 | G25: 6－77 | H25: 861－0925 | I25: (r8.1月 59) | J25: 不要 | K25: 1
A26: =ROW()-2 -> 24 | B26: 1 | C26: 3 | D26: =IF(AND(B25=B26,C25=C26),D25+1,1) -> 5 | F26: 中華料理成都 | G26: 6－77 | H26: 861－8060 | I26: 松本秀雄R8.2月(56) | J26: 不要 | K26: 1
A27: =ROW()-2 -> 25 | B27: 1 | C27: 3 | D27: =IF(AND(B26=B27,C26=C27),D26+1,1) -> 6 | F27: 武藤親弘 | G27: 6－76-4 | H27: 861－5829 | I27: 慎一R7(78)S22.4.25 親弘(R8.2月45歳, 090-7225-8149)敏恵,慎太郎,光次郎 | J27: 不要 | K27: 4
A28: =ROW()-2 -> 26 | B28: 1 | C28: 3 | D28: =IF(AND(B27=B28,C27=C28),D27+1,1) -> 7 | F28: 串一 | G28: 6－77 | H28: 861－2733 | I28: 中村太一 店舗 | J28: 不要
A29: =ROW()-2 -> 27 | B29: 1 | C29: 3 | D29: =IF(AND(B28=B29,C28=C29),D28+1,1) -> 8 | F29: AJITO中村みどり | G29: 6－77 | H29: 887－0676 | I29: 中村修一R8.2月(77)S23.10.15 店舗 | J29: 不要 | K29: 2
A30: =ROW()-2 -> 28 | B30: 1 | C30: 4 | D30: =IF(AND(B29=B30,C29=C30),D29+1,1) -> 1 | E30: ● | F30: 澤登武文 | G30: 6－75 | H30: 861－4214 | I30: 武文(R8.2月 56)R4 弘志さん逝去 | J30: 不要 | K30: 2
A31: =ROW()-2 -> 29 | B31: 1 | C31: 4 | D31: =IF(AND(B30=B31,C30=C31),D30+1,1) -> 2 | E31: ◎ | F31: 秋山芳美 | G31: 6－74 | H31: 861－7234 | I31: 芳美(R8.2月 57) | J31: 不要 | K31: 4
A32: =ROW()-2 -> 30 | B32: 1 | C32: 4 | D32: =IF(AND(B31=B32,C31=C32),D31+1,1) -> 3 | F32: 櫻井治 | G32: 6－74 | H32: 861－2490 | I32: 治ｵｻﾑR7(76)S24.2.2・美保子ﾐﾎｺ(76)S24.11.4 | J32: 不要 | K32: 3
A33: =ROW()-2 -> 31 | B33: 1 | C33: 4 | D33: =IF(AND(B32=B33,C32=C33),D32+1,1) -> 4 | F33: 松永彰 | G33: 6－74 | H33: 861－2132 | I33: プレミール 彰ｱｷﾗR7(75)、正子(?) | J33: 不要 | K33: 1
A34: =ROW()-2 -> 32 | B34: 1 | C34: 4 | D34: =IF(AND(B33=B34,C33=C34),D33+1,1) -> 5 | F34: 橋本勇 | G34: 6－74 | H34: 861－2905 | I34: 勇ｲｻﾑR7(80)S20.5.18・愛子(79)S21.8.9 | J34: 不要 | K34: 3
A35: =ROW()-2 -> 33 | B35: 1 | C35: 4 | D35: =IF(AND(B34=B35,C34=C35),D34+1,1) -> 6 | F35: 瀧下なつみ | G35: 6－75 | H35: 080-5417-6576 | I35: なつみ(R8.2月 30) R1.4〜スズサンマンション302, 礼 | J35: 不要 | K35: 2
A36: =ROW()-2 -> 34 | B36: 1 | C36: 5 | D36: =IF(AND(B35=B36,C35=C36),D35+1,1) -> 1 | E36: ◎ | F36: 鈴木洋一 | G36: 6－66－４ G3 | H36: 090-8506-2232 | I36: 102号室 洋一(R8.2月55歳)（861-8656 or 4686）評議員は宣子,理沙,玲奈 | J36: 不要 | K36: 5
A37: =ROW()-2 -> 35 | B37: 1 | C37: 5 | D37: =IF(AND(B36=B37,C36=C37),D36+1,1) -> 2 | E37: ● | F37: 首藤睦 | G37: 6－66－４ G3 | H37: 861－9056 | I37: 203号室 睦(R8.2月56歳) | J37: 不要 | K37: 1
A38: =ROW()-2 -> 36 | B38: 1 | C38: 5 | D38: =IF(AND(B37=B38,C37=C38),D37+1,1) -> 3 | F38: 大野誠治 | G38: 6－66－４ G3 | H38: 861－8652 | I38: 403号室 誠治(R8.2月 61歳), 優李亜 | J38: 不要 | K38: 1
A39: =ROW()-2 -> 37 | B39: 1 | C39: 6 | D39: =IF(AND(B38=B39,C38=C39),D38+1,1) -> 1 | F39: 青山啓二 | G39: 6－66 | H39: 861－3697 | I39: 啓二(R8.2月 73歳), 順子ｼﾞｭﾝｺR7(75) | J39: 不要 | K39: 2
A40: =ROW()-2 -> 38 | B40: 1 | C40: 6 | D40: =IF(AND(B39=B40,C39=C40),D39+1,1) -> 2 | F40: 西田善隆 | G40: 6－70 | H40: 861－6352 | I40: 善隆R8.2月(54) | J40: 不要 | K40: 1
A41: =ROW()-2 -> 39 | B41: 1 | C41: 6 | D41: =IF(AND(B40=B41,C40=C41),D40+1,1) -> 3 | F41: 渡戸正志 | G41: 6－70 | H41: 861－8128 | I41: 渡戸正志ﾜﾀﾄﾞﾏｻｼR7(78)S22.7.1、清美(?) | J41: 要 | K41: 1
A42: =ROW()-2 -> 40 | B42: 1 | C42: 6 | D42: =IF(AND(B41=B42,C41=C42),D41+1,1) -> 4 | E42: ● | F42: 冨田剛 | G42: 6-63-27 | H42: 090-7828-7469 | I42: H31.1-, 剛(R8.2月40歳),綾乃,鈴,昇 | J42: 不要 | K42: 4
A43: =ROW()-2 -> 41 | B43: 1 | C43: 6 | D43: =IF(AND(B42=B43,C42=C43),D42+1,1) -> 5 | E43: ◎ | F43: 堀井広樹 | G43: 6-63-7 | H43: 090-3406-1011 | I43: R1.5〜 広樹(R8.2月35歳) | J43: 不要 | K43: 4
A44: =ROW()-2 -> 42 | B44: 1 | C44: 6 | D44: =IF(AND(B43=B44,C43=C44),D43+1,1) -> 6 | F44: 菊池崇広 | G44: 6-47-54 | H44: 090-8585-0686 | I44: R7.2加入〜 ﾀｶﾋﾛ(1993.10.4生) | J44: 不要 | K44: 3
A45: =ROW()-2 -> 43 | B45: 1 | C45: 6 | D45: =IF(AND(B44=B45,C44=C45),D44+1,1) -> 7 | F45: 冨松良紀 | G45: 6-47-28 | H45: 090-4537-8236 | I45: R7.4加入 1998.5月生(27)（橘鷹さん孫）愛海,ひまり | J45: 不要 | K45: 4
A46: =ROW()-2 -> 44 | B46: 1 | C46: 7 | D46: =IF(AND(B43=B46,C43=C46),D43+1,1) -> 1 | E46: ◎ | F46: 山合行之 | G46: 6－70 | H46: 861－8640 | I46: 行之ｺｳｼ(R8.2月73歳)、博美ﾋﾛﾐ | J46: 不要 | K46: 1
A47: =ROW()-2 -> 45 | B47: 1 | C47: 7 | D47: =IF(AND(B46=B47,C46=C47),D46+1,1) -> 2 | E47: ● | F47: 鈴木啓次 | G47: 6－70 | H47: 861－6138 | I47: 啓次(R8.2月 68歳) | J47: 不要 | K47: 2
A48: =ROW()-2 -> 46 | B48: 1 | C48: 7 | D48: =IF(AND(B47=B48,C47=C48),D47+1,1) -> 3 | F48: 宮野弘明 | G48: 6－62 | H48: 861－4059 | I48: 弘明R8.2月(70), 正子, 評議員は「道子」さん？ | J48: 不要 | K48: 0
A49: =ROW()-2 -> 47 | B49: 1 | C49: 7 | D49: =IF(AND(B48=B49,C48=C49),D48+1,1) -> 4 | F49: 小野怜子 | G49: 6－62 | H49: 861－2375 | I49: 怜子R8.2月(81)S20.3.10 | J49: 不要 | K49: 0
A50: =ROW()-2 -> 48 | B50: 1 | C50: 7 | D50: =IF(AND(B49=B50,C49=C50),D49+1,1) -> 5 | F50: 中村未紀 | G50: 6－70 | H50: 090-7227-0266 | I50: R3.12月加入//S43.4.23生(57) | J50: 不要 | K50: 1
A51: =ROW()-2 -> 49 | B51: 1 | C51: 8 | D51: =IF(AND(B50=B51,C50=C51),D50+1,1) -> 1 | E51: ● | F51: 齋藤智子 | G51: 6－67 | H51: 861－4325 | I51: R3.評議員は「智子R8.2月(72)」さん 良一R7(75)逝去 | J51: 不要 | K51: 0
A52: =ROW()-2 -> 50 | B52: 1 | C52: 8 | D52: =IF(AND(B51=B52,C51=C52),D51+1,1) -> 2 | F52: 齋藤和枝 | G52: 6－67 | H52: 861－1010 | I52: H29.4～ 和枝(80)S20.4.17・礼子(77)S23.1.22 | J52: 要 | K52: 2
A53: =ROW()-2 -> 51 | B53: 1 | C53: 8 | D53: =IF(AND(B52=B53,C52=C53),D52+1,1) -> 3 | E53: ◎ | F53: 溝口美代子 | G53: 6－66 | H53: 861－3965 | I53: 美代子R7(79)S21.12.13 | J53: 要 | K53: 0
A54: =ROW()-2 -> 52 | B54: 1 | C54: 8 | D54: =IF(AND(B53=B54,C53=C54),D53+1,1) -> 4 | F54: 宮川正子 | G54: 6－65 | H54: 861－0881 | I54: 正子ﾏｻｺR7(77)S22.7.15 ※留守多し
A55: =ROW()-2 -> 53 | B55: 1 | C55: 8 | D55: =IF(AND(B54=B55,C54=C55),D54+1,1) -> 5 | F55: 佐々木由香里 | G55: 6－65 | H55: 070-1226-1130 | I55: 由香里r8.2月(42), 梨々華,藍來 | J55: 要 | K55: 2
A56: =ROW()-2 -> 54 | B56: 1 | C56: 8 | D56: =IF(AND(B55=B56,C55=C56),D55+1,1) -> 6 | F56: 橘鷹裕介 | G56: 6－63－10 | H56: 861－2969 | I56: 評議員は「節子」さん 裕介R8.2月(48),節子R7(76)S24.2.27、在彩 | J56: 不要 | K56: 3
A57: =ROW()-2 -> 55 | B57: 1 | C57: 8 | D57: =IF(AND(B56=B57,C56=C57),D56+1,1) -> 7 | F57: 玉田義輝 | G57: 6－63 | H57: 090-8778-2829 | I57: 評議員は「優子」さん, 義輝R8.2月(52),輝優,哲輝 | J57: 不要 | K57: 3
A58: =ROW()-2 -> 56 | B58: 1 | C58: 9 | D58: =IF(AND(B57=B58,C57=C58),D57+1,1) -> 1 | E58: ◎ | F58: 金子勲 | G58: 6－63 | H58: 861－3586 | I58: 評議員は「尚子」さん 勲R8.2月(92)S9.1.10 | J58: 不要 | K58: 5
A59: =ROW()-2 -> 57 | B59: 1 | C59: 9 | D59: =IF(AND(B58=B59,C58=C59),D58+1,1) -> 2 | F59: 松本弘子 | G59: 6－63 | H59: 861－4055 | I59: 評議員は妹の：加瀬和子S24.1.28 ※祭礼寄付は加瀬さん | J59: 不要 | K59: 0 | L59: 加瀬和子
A60: =ROW()-2 -> 58 | B60: 1 | C60: 9 | D60: =IF(AND(B59=B60,C59=C60),D59+1,1) -> 3 | F60: 関口香奈 | G60: 6－63 | H60: 861－0304 | I60: 桑名須美枝 関口香奈R8.2月(64)：090-6047-4874 | J60: 不要 | K60: 1
A61: =ROW()-2 -> 59 | B61: 1 | C61: 9 | D61: =IF(AND(B60=B61,C60=C61),D60+1,1) -> 4 | F61: 藤田範男 | G61: 6－64 | H61: 861－4047 | I61: 範男R8.2月(68),ユキエR7(94)S6.7.28-2025逝去 | J61: 不要 | K61: 2
A62: =ROW()-2 -> 60 | B62: 1 | C62: 9 | D62: =IF(AND(B61=B62,C61=C62),D61+1,1) -> 5 | F62: 前田清孝 | G62: 6－64 | H62: 861－6619 | I62: 清孝(68) | J62: 不要 | K62: 0
A63: =ROW()-2 -> 61 | B63: 1 | C63: 9 | D63: =IF(AND(B62=B63,C62=C63),D62+1,1) -> 6 | E63: ● | F63: 高島秀夫 | G63: 6－64 | H63: 861－8908 | I63: 秀夫R8.2月(74), 佳子ｹｲｺ | J63: 不要 | K63: 3
A64: =ROW()-2 -> 62 | B64: 1 | C64: 9 | D64: =IF(AND(B63=B64,C63=C64),D63+1,1) -> 7 | F64: 桐生勝巳 | G64: 6－65 | H64: 090-1604-7097 | I64: 勝巳R8.2月(61),H31.4～ 菊池篤子ｱﾂｺR7(82)S18.1.2, 千鶴子,実咲 | J64: 要 | K64: 4
A65: =ROW()-2 -> 63 | B65: 1 | C65: 9 | D65: =IF(AND(B64=B65,C64=C65),D64+1,1) -> 8 | F65: 前田拓也 | G65: 6－65 | H65: 090-1698-7304 | I65: H31.4～(34),涼子,恵梨絵,茉莉恵 | J65: 不要 | K65: 4
A66: =ROW()-2 -> 64 | B66: 1 | C66: 9 | D66: =IF(AND(B65=B66,C65=C66),D65+1,1) -> 9 | F66: 竹本久子 | G66: 6－65 | H66: 090-2426-5722 | I66: R5.8月入会 1954.1.6生(72) 三角 | J66: 不要 | K66: 0
A67: =ROW()-2 -> 65 | B67: 1 | C67: 10 | D67: =IF(AND(B65=B67,C65=C67),D65+1,1) -> 1 | F67: 須田昭 | G67: 6－3 | H67: 861－0046
A68: =ROW()-2 -> 66 | B68: 1 | C68: 10 | D68: =IF(AND(B67=B68,C67=C68),D67+1,1) -> 2 | E68: ● | F68: 福寿早苗 | G68: 6－6 | H68: 861－5768 | I68: 早苗R8(82)S19.1.2 | J68: 要 | K68: 2
A69: =ROW()-2 -> 67 | B69: 1 | C69: 10 | D69: =IF(AND(B68=B69,C68=C69),D68+1,1) -> 3 | F69: 小山米子 | G69: 6－6 | H69: 861－6556 | I69: 米子R8(87)S13.3.29 | J69: 要 | K69: 1
A70: =ROW()-2 -> 68 | B70: 1 | C70: 10 | D70: =IF(AND(B69=B70,C69=C70),D69+1,1) -> 4 | E70: ◎ | F70: 須田公子 | G70: 6－6 | H70: 861－4475 | I70: R4.評議員は「重光隆子」さん 090-5508-6158 公子R7(93)S7.3.18 | J70: 不要 | K70: 3
A71: =ROW()-2 -> 69 | B71: 1 | C71: 10 | D71: =IF(AND(B70=B71,C70=C71),D70+1,1) -> 5 | F71: 牧野ビル | I71: R6.4月～※回覧不要（町内会費3,600円のみ）
A72: =ROW()-2 -> 70 | B72: 1 | C72: 10 | D72: =IF(AND(B71=B72,C71=C72),D71+1,1) -> 6 | F72: 井岡拓也 | G72: 6－6－5 | H72: 070-5601-3998 | I72: 拓也1993.7.20生R8(32) 2026.1月加入 ※R8乳児 | J72: 要 | K72: 2
A73: =ROW()-2 -> 71 | B73: 1 | C73: 11 | D73: =IF(AND(B70=B73,C70=C73),D70+1,1) -> 1 | F73: 渡邊幾子 | G73: 6－68-14 G2 | H73: 861－5160 | I73: 901号室 渡邊幾子ｲｸｺR8(90)S11.1.5 ※長女,葉山在住 | J73: 要 | K73: 0
A74: =ROW()-2 -> 72 | B74: 1 | C74: 11 | D74: =IF(AND(B73=B74,C73=C74),D73+1,1) -> 2 | F74: 乾タヅ子 | G74: 6－68-14 G2 | H74: 861－6386 | I74: 902号室 タヅ子R7(79)S21.9.5 | J74: 不要 | K74: 1
A75: =ROW()-2 -> 73 | B75: 1 | C75: 11 | D75: =IF(AND(B74=B75,C74=C75),D74+1,1) -> 3 | F75: 矢部謙三 | G75: 6－68-14 G2 | H75: 861－8012 | I75: 801号室 謙三R7(88)S12.9.1 | J75: 不要
A76: =ROW()-2 -> 74 | B76: 1 | C76: 11 | D76: =IF(AND(B75=B76,C75=C76),D75+1,1) -> 4 | F76: 千葉幸代 | G76: 6－68-14 G2 | H76: 861－8988 | I76: 802号室 ※祭礼寄付の意志なし
A77: =ROW()-2 -> 75 | B77: 1 | C77: 11 | D77: =IF(AND(B76=B77,C76=C77),D76+1,1) -> 5 | F77: 杉澤知美 | G77: 6－68-14 G2 | H77: 861－5071 | I77: 701号室（久貝⇒杉澤）知美R8.2月(58)090-1539-9137 | J77: 不要 | K77: 2
A78: =ROW()-2 -> 76 | B78: 1 | C78: 11 | D78: =IF(AND(B77=B78,C77=C78),D77+1,1) -> 6 | F78: 伊藤健二 | G78: 6－68-14 G2 | I78: 702号室 健二R8.2月(73) 明美S14.1.1 | J78: 不要 | K78: 1
A79: =ROW()-2 -> 77 | B79: 1 | C79: 11 | D79: =IF(AND(B78=B79,C78=C79),D78+1,1) -> 7 | E79: ◎ | F79: 荒井照男 | G79: 6－68-14 G2 | H79: 046-848－5127 | I79: 703号室 照男R8.2月(62) | J79: 不要 | K79: 4
A80: =ROW()-2 -> 78 | B80: 1 | C80: 11 | D80: =IF(AND(B79=B80,C79=C80),D79+1,1) -> 8 | E80: ● | F80: 佐々木宏子 | G80: 6－68-14 G2 | I80: 601号室 宏子R8.2月(70) | J80: 不要 | K80: 0
A81: =ROW()-2 -> 79 | B81: 1 | C81: 11 | D81: =IF(AND(B80=B81,C80=C81),D80+1,1) -> 9 | F81: 佐々木雅浩 | G81: 6－68-14 G2 | H81: 861－7531 | I81: 603号室 雅浩R8.2月(57),啓子、雅史,里菜 | J81: 不要 | K81: 4
A82: =ROW()-2 -> 80 | B82: 1 | C82: 12 | D82: =IF(AND(B81=B82,C81=C82),D81+1,1) -> 1 | E82: ◎ | F82: 森良枝 | G82: 6－68-14 G2 | H82: 861－2322 | I82: 501号室 良枝S22.12.18(78) | J82: 不要 | K82: 0
A83: =ROW()-2 -> 81 | B83: 1 | C83: 12 | D83: =IF(AND(B82=B83,C82=C83),D82+1,1) -> 2 | E83: ● | F83: 千葉満 | G83: 6－68-14 G2 | I83: 502号室 満R8.2月(49) | J83: 不要 | K83: 0
A84: =ROW()-2 -> 82 | B84: 1 | C84: 12 | D84: =IF(AND(B83=B84,C83=C84),D83+1,1) -> 3 | F84: 鎌田智士 | G84: 6－68-14 G2 | H84: 090-7416-4378 | I84: 503号室 智士R8.2月(40) | J84: 不要 | K84: 0
A85: =ROW()-2 -> 83 | B85: 1 | C85: 12 | D85: =IF(AND(B84=B85,C84=C85),D84+1,1) -> 4 | F85: 古川孝一 | G85: 6－68-14 G2 | H85: 080-5694-8317 | I85: 504号室 R.7.3月加入 1964.8.20生(61) | J85: 不要 | K85: 1
A86: =ROW()-2 -> 84 | B86: 1 | C86: 12 | D86: =IF(AND(B85=B86,C85=C86),D85+1,1) -> 5 | F86: 杉森正博 | G86: 6－68-14 G2 | H86: 861－1736 | I86: 401号室 正博R8.2月(72) | J86: 要 | K86: 2
A87: =ROW()-2 -> 85 | B87: 1 | C87: 12 | D87: =IF(AND(B86=B87,C86=C87),D86+1,1) -> 6 | F87: 山口明良 | G87: 6－68-14 G2 | H87: 861－4840 | I87: 402号室 明良R8.2月(59), 評議員は「知佐子」さん？、珠未 | J87: 不要 | K87: 1
A88: =ROW()-2 -> 86 | B88: 1 | C88: 12 | D88: =IF(AND(B87=B88,C87=C88),D87+1,1) -> 7 | F88: 齋藤耕平 | G88: 6－68-14 G2 | H88: 080-3414-7545 | I88: 403号室 耕平R8.2月(41), 知美(080-3525-1135) | J88: 要 | K88: 3 | L88: 子供留守番あり
A89: =ROW()-2 -> 87 | B89: 1 | C89: 12 | D89: =IF(AND(B88=B89,C88=C89),D88+1,1) -> 8 | F89: 小田切幸男 | G89: 6－68-14 G2 | I89: 404号室 幸男S23.12.23(77) | J89: 要 | K89: 0 | L89: 訪問土日希望
A90: =ROW()-2 -> 88 | B90: 1 | C90: 12 | D90: =IF(AND(B89=B90,C89=C90),D89+1,1) -> 9 | F90: 矢畑進 | G90: 6－68-14 G2 | H90: 861－4220 | I90: 301号室 進R8.2月(56),サチ子、真那斗 | J90: 不要 | K90: 3
A91: =ROW()-2 -> 89 | B91: 1 | C91: 12 | D91: =IF(AND(B90=B91,C90=C91),D90+1,1) -> 10 | F91: 杉山政臣 | G91: 6－68-14 G2 | I91: 302号室 政臣R8.2月(38), 裕子,ひなた,瑛汰(10),敬汰 | J91: 要 | K91: 5 | L91: 瑛汰,放課後ひとりのことあり。
A92: =ROW()-2 -> 90 | B92: 1 | C92: 12 | D92: =IF(AND(B91=B92,C91=C92),D91+1,1) -> 11 | F92: 丸茂治彦 | G92: 6－68-14 G2 | H92: 861－8630 | I92: 303号室 治彦R8.2月(59) R3.評議員は「安岐子」さん, 舜弥,瞭太 | J92: 不要 | K92: 4
A93: =ROW()-2 -> 91 | B93: 1 | C93: 12 | D93: =IF(AND(B92=B93,C92=C93),D92+1,1) -> 12 | F93: 山岸靖子 | G93: 6－68-14 G2 | H93: 854－9148 | I93: 304号室 靖子R8.2月(72) | J93: 不要 | K93: 0
A94: =ROW()-2 -> 92 | B94: 1 | C94: 12 | D94: =IF(AND(B93=B94,C93=C94),D93+1,1) -> 13 | F94: 渡邉健志 | G94: 6－68-14 G2 | H94: 090-6633-4707 | I94: 201号室 健志R8.2月(42),妻「聖子」さん 2025.10月加入 | J94: 不要 | K94: 4
A95: =ROW()-2 -> 93 | B95: 1 | C95: 12 | D95: =IF(AND(B94=B95,C94=C95),D94+1,1) -> 14 | F95: 高橋昭仁 | G95: 6－68-14 G2 | H95: 861－5004 | I95: 202号室 昭仁R8.2月(65),評議員は「由美子」さん | J95: 不要 | K95: 1
A96: =ROW()-2 -> 94 | B96: 1 | C96: 12 | D96: =IF(AND(B95=B96,C95=C96),D95+1,1) -> 15 | F96: 雨海正男 | G96: 6－68-14 G2 | H96: 861－8916 | I96: 203号室 雨海正男ｱﾏｶﾞｲﾏｻｵR8.2月(74) | J96: 不要 | K96: 3
A97: =ROW()-2 -> 95 | B97: 1 | C97: 12 | D97: =IF(AND(B96=B97,C96=C97),D96+1,1) -> 16 | F97: 高橋博満 | G97: 6－68-14 G2 | H97: 861－5953 | I97: 204号室 博満R8.2月(62) | J97: 不要 | K97: 2
A98: =ROW()-2 -> 96 | B98: 2 | C98: 1 | D98: =IF(AND(B97=B98,C97=C98),D97+1,1) -> 1 | E98: ● | F98: 森田眞由美 | G98: 6－7 | H98: 861－7670 | I98: 眞由美R8.2月(67), 正子ﾏｻｺR7(92)S7.10.23-2025逝去 | J98: 不要 | K98: 0
A99: =ROW()-2 -> 97 | B99: 2 | C99: 1 | D99: =IF(AND(B98=B99,C98=C99),D98+1,1) -> 2 | F99: 森田章裕 | G99: 6－10 | H99: 080-1057-0799 | I99: 章裕R8.2月(40),評議員は「恵」(090-4525-3059)さん 裕翔, 柚芽 | J99: 要 | K99: 5
A100: =ROW()-2 -> 98 | B100: 2 | C100: 1 | D100: =IF(AND(B99=B100,C99=C100),D99+1,1) -> 3 | F100: 小澤正行 | G100: 6－8 | H100: 861－0783 | I100: 正行R8.2月(66), 紀子R7(70以上) | J100: 不要 | K100: 1
...

Sheet R8要支援者
A1: 駒寄町内会 Ｒ８要支援者名簿 (2026年03月07日現在) | H1: 避難 支援 | I1: 同居 家族
A2: 通番 | B2: 区 | C2: 班 | D2: 氏名 ／ 屋号 | E2: 電 話 | F2: 基本情報 | G2: 備 考 | H2: 支援 | I2: 家族 | J2: 電 話
A3: 1 | B3: 1 | C3: 1 | D3: 中村芳朗 | E3: 861－2770 | F3: 芳朗ﾖｼﾛｳ(75) | H3: 要 | I3: 2 | J3: 861－2770 | K3: 1
A4: =ROW()-2 -> 2 | B4: 1 | C4: 1 | D4: 中村治子 | E4: 861－2446 | F4: 治子ﾊﾙｺ R8.2月(81)S19.8.24 | H4: 不要 | I4: 0 | J4: 861－2446
A5: =ROW()-2 -> 3 | B5: 1 | C5: 1 | D5: 松川正士 | E5: 861－2384 | F5: 正士ﾏｻｼ R8.2月(81)S19.3.31, 真美,妃由 | H5: 不要 | I5: 3 | J5: 861－2384
A6: =ROW()-2 -> 4 | B6: 1 | C6: 1 | D6: 和田薪 | E6: 861－2481 | F6: セラヴィ 京子R7(79)S21.7.5 | H6: 不要 | J6: 861－2481
A7: =ROW()-2 -> 5 | B7: 1 | C7: 1 | D7: 平井進 | E7: 861－3291 | F7: 進 R8.2月(78)S23.2.23 | H7: 不要 | I7: 0 | J7: 861－3291
A8: =ROW()-2 -> 6 | B8: 1 | C8: 1 | D8: 長谷川聰 | F8: H29.4～ 聰ｻﾄｼ S17.11.16(84) | H8: 不要 | I8: 0
A9: =ROW()-2 -> 7 | B9: 1 | C9: 1 | D9: 粟飯原功 | E9: 861－4015 | F9: R7(78)S23.1.19 | H9: 不要 | I9: 0 | J9: 861－4015
A10: =ROW()-2 -> 8 | B10: 1 | C10: 1 | D10: 高橋正 | E10: 861－0178 | F10: 正(R8.2月 62才)R3.評議員は「しのぶ」さん | H10: 不要 | I10: 2 | J10: 861－0178
A11: 2 | B11: 1 | C11: 1 | D11: 林信行 | E11: 090-3916-4588 | F11: 信行(79) 同居:佐藤たい子(94) | H11: 要 | I11: 2 | J11: 090-3916-4588 | K11: 1
A12: =ROW()-2 -> 10 | B12: 1 | C12: 1 | D12: 町田恵資 | E12: 046-861-1644 | F12: S44.5.26生 ※行事は不参加 | J12: 046-861-1644 | K12: 1
A13: =ROW()-2 -> 11 | B13: 1 | C13: 2 | D13: 紺野建設 | E13: 861－3180 | H13: 不要 | J13: 861－3180
A14: =ROW()-2 -> 12 | B14: 1 | C14: 2 | D14: 遠山悦子 | E14: 861－3815 | F14: 悦子(r8.1月 60) R5.美代子さん逝去 | H14: 不要 | I14: 0 | J14: 861－3815
A15: 3 | B15: 1 | C15: 2 | D15: 高瀬一 | E15: 861－0509 | F15: ﾊｼﾞﾒ(77)、幸子(80)、徹(?) | H15: 要 | I15: 6 | J15: 861－0509 | K15: 1
A16: =ROW()-2 -> 14 | B16: 1 | C16: 2 | D16: 齋藤勇 | E16: 861－3823 | F16: 勇R8.2月(79)S21.8.4、ヨシ子(93)S6.1.2 | H16: 不要 | I16: 1 | J16: 861－3823
A17: =ROW()-2 -> 15 | B17: 1 | C17: 2 | D17: 鍋田益男 | E17: 861－5959 | F17: 益男(88)S11.1.24、久枝(86)S14.2.16 | J17: 861－5959 | K17: 1
A18: =ROW()-2 -> 16 | B18: 1 | C18: 2 | D18: マミークリーニング | E18: 861－1220 | J18: 861－1220 | K18: 1
A19: =ROW()-2 -> 17 | B19: 1 | C19: 2 | D19: 佐藤清 | E19: 861－6235 | F19: H29.4～ 佐藤歯科（夜間不在） | H19: 不要 | I19: 0 | J19: 861－6235
A20: =ROW()-2 -> 18 | B20: 1 | C20: 2 | D20: 戸村則登 | E20: 090-6346-9518 | F20: R7.6月加入、S33.7.29生(67) | H20: 不要 | I20: 3 | J20: 090-6346-9518
A21: =ROW()-2 -> 19 | B21: 1 | C21: 2 | D21: 渡邊秀一 | E21: 090-9328-7011 | F21: S62.5.30生(38) | H21: 不要 | I21: 1 | J21: 090-9328-7011
A22: =ROW()-2 -> 20 | B22: 1 | C22: 3 | D22: 佐久間明 | E22: 861－3753 | F22: 明R8.2月(75)、満貴子ﾏｷｺ(?),均(090-9305-5987)梢(080-5078-6336),光,匠,楓 | H22: 不要 | I22: 7 | J22: 861－3753
A23: 4 | B23: 1 | C23: 3 | D23: 鳥居スミヱ | E23: 861－4993 | F23: 評議員は鳥居知加代 スミヱ(93) | H23: 要 | I23: 1 | J23: 861－4993 | K23: 1
A24: =ROW()-2 -> 22 | B24: 1 | C24: 3 | D24: 渋江康弘 | E24: 897－7032 | F24: 康弘ﾔｽﾋﾛR8.2月(82)S18.8.18、秀子ﾋﾃﾞｺ(79)S22.1.22 | H24: 不要 | I24: 1 | J24: 897－7032
A25: =ROW()-2 -> 23 | B25: 1 | C25: 3 | D25: 石岡明憲 | E25: 861－0925 | F25: (r8.1月 59) | H25: 不要 | I25: 1 | J25: 861－0925
A26: =ROW()-2 -> 24 | B26: 1 | C26: 3 | D26: 中華料理成都 | E26: 861－8060 | F26: 松本秀雄R8.2月(56) | H26: 不要 | I26: 1 | J26: 861－8060
A27: =ROW()-2 -> 25 | B27: 1 | C27: 3 | D27: 武藤親弘 | E27: 861－5829 | F27: 慎一R7(78)S22.4.25 親弘(R8.2月45歳, 090-7225-8149)敏恵,慎太郎,光次郎 | H27: 不要 | I27: 4 | J27: 861－5829
A28: =ROW()-2 -> 26 | B28: 1 | C28: 3 | D28: 串一 | E28: 861－2733 | F28: 中村太一 店舗 | H28: 不要 | J28: 861－2733
A29: =ROW()-2 -> 27 | B29: 1 | C29: 3 | D29: AJITO中村みどり | E29: 887－0676 | F29: 中村修一R8.2月(77)S23.10.15 店舗 | H29: 不要 | I29: 2 | J29: 887－0676
A30: =ROW()-2 -> 28 | B30: 1 | C30: 4 | D30: 澤登武文 | E30: 861－4214 | F30: 武文(R8.2月 56)R4 弘志さん逝去 | H30: 不要 | I30: 2 | J30: 861－4214
A31: =ROW()-2 -> 29 | B31: 1 | C31: 4 | D31: 秋山芳美 | E31: 861－7234 | F31: 芳美(R8.2月 57) | H31: 不要 | I31: 4 | J31: 861－7234
A32: =ROW()-2 -> 30 | B32: 1 | C32: 4 | D32: 櫻井治 | E32: 861－2490 | F32: 治ｵｻﾑR7(76)S24.2.2・美保子ﾐﾎｺ(76)S24.11.4 | H32: 不要 | I32: 3 | J32: 861－2490
A33: =ROW()-2 -> 31 | B33: 1 | C33: 4 | D33: 松永彰 | E33: 861－2132 | F33: プレミール 彰ｱｷﾗR7(75)、正子(?) | H33: 不要 | I33: 1 | J33: 861－2132
A34: =ROW()-2 -> 32 | B34: 1 | C34: 4 | D34: 橋本勇 | E34: 861－2905 | F34: 勇ｲｻﾑR7(80)S20.5.18・愛子(79)S21.8.9 | H34: 不要 | I34: 3 | J34: 861－2905
A35: =ROW()-2 -> 33 | B35: 1 | C35: 4 | D35: 瀧下なつみ | E35: 080-5417-6576 | F35: なつみ(R8.2月 30) R1.4〜スズサンマンション302, 礼 | H35: 不要 | I35: 2 | J35: 080-5417-6576
A36: =ROW()-2 -> 34 | B36: 1 | C36: 5 | D36: 鈴木洋一 | E36: 090-8506-2232 | F36: 102号室 洋一(R8.2月55歳)（861-8656 or 4686）評議員は宣子,理沙,玲奈 | H36: 不要 | I36: 5 | J36: 090-8506-2232
A37: =ROW()-2 -> 35 | B37: 1 | C37: 5 | D37: 首藤睦 | E37: 861－9056 | F37: 203号室 睦(R8.2月56歳) | H37: 不要 | I37: 1 | J37: 861－9056
A38: =ROW()-2 -> 36 | B38: 1 | C38: 5 | D38: 大野誠治 | E38: 861－8652 | F38: 403号室 誠治(R8.2月 61歳), 優李亜 | H38: 不要 | I38: 1 | J38: 861－8652
A39: =ROW()-2 -> 37 | B39: 1 | C39: 6 | D39: 青山啓二 | E39: 861－3697 | F39: 啓二(R8.2月 73歳), 順子ｼﾞｭﾝｺR7(75) | H39: 不要 | I39: 2 | J39: 861－3697
A40: =ROW()-2 -> 38 | B40: 1 | C40: 6 | D40: 西田善隆 | E40: 861－6352 | J40: 861－6352 | K40: 1
A41: 5 | B41: 1 | C41: 6 | D41: 渡戸正志 | E41: 861－8128 | F41: ﾏｻｼ(78)、清美(?) | H41: 要 | I41: 1 | J41: 861－8128 | K41: 1
A42: =ROW()-2 -> 40 | B42: 1 | C42: 6 | D42: 冨田剛 | E42: 090-7828-7469 | F42: H31.1-, 剛(R8.2月40歳),綾乃,鈴,昇 | H42: 不要 | I42: 4 | J42: 090-7828-7469
A43: =ROW()-2 -> 41 | B43: 1 | C43: 6 | D43: 堀井広樹 | E43: 090-3406-1011 | F43: R1.5〜 広樹(R8.2月35歳) | H43: 不要 | I43: 4 | J43: 090-3406-1011
A44: =ROW()-2 -> 42 | B44: 1 | C44: 6 | D44: 菊池崇広 | E44: 090-8585-0686 | F44: R7.2加入〜 ﾀｶﾋﾛ(1993.10.4生) | H44: 不要 | I44: 3 | J44: 090-8585-0686
A45: =ROW()-2 -> 43 | B45: 1 | C45: 6 | D45: 冨松良紀 | E45: 090-4537-8236 | F45: R7.4加入 1998.5月生(27)（橘鷹さん孫）愛海,ひまり | H45: 不要 | I45: 4 | J45: 090-4537-8236
A46: =ROW()-2 -> 44 | B46: 1 | C46: 7 | D46: 山合行之 | E46: 861－8640 | F46: 行之ｺｳｼ(R8.2月73歳)、博美ﾋﾛﾐ | H46: 不要 | I46: 1 | J46: 861－8640
A47: =ROW()-2 -> 45 | B47: 1 | C47: 7 | D47: 鈴木啓次 | E47: 861－6138 | F47: 啓次(R8.2月 68歳) | H47: 不要 | I47: 2 | J47: 861－6138
A48: =ROW()-2 -> 46 | B48: 1 | C48: 7 | D48: 宮野弘明 | E48: 861－4059 | F48: 弘明R8.2月(70), 正子, 評議員は「道子」さん？ | H48: 不要 | I48: 0 | J48: 861－4059
A49: =ROW()-2 -> 47 | B49: 1 | C49: 7 | D49: 小野怜子 | E49: 861－2375 | F49: 怜子R8.2月(81)S20.3.10 | H49: 不要 | I49: 0 | J49: 861－2375
A50: =ROW()-2 -> 48 | B50: 1 | C50: 7 | D50: 中村未紀 | E50: 090-7227-0266 | F50: R3.12月加入//S43.4.23生(57) | H50: 不要 | I50: 1 | J50: 090-7227-0266
A51: =ROW()-2 -> 49 | B51: 1 | C51: 8 | D51: 齋藤智子 | E51: 861－4325 | F51: R3.評議員は「智子R8.2月(72)」さん 良一R7(75)逝去 | H51: 不要 | I51: 0 | J51: 861－4325
A52: 6 | B52: 1 | C52: 8 | D52: 齋藤和枝 | E52: 861－1010 | F52: 和枝(80)、礼子(78) | H52: 要 | I52: 2 | J52: 861－1010 | K52: 1
A53: 7 | B53: 1 | C53: 8 | D53: 溝口美代子 | E53: 861－3965 | F53: 美代子R7(79)S21.12.13 | H53: 要 | I53: 0 | J53: 861－3965 | K53: 1
A54: =ROW()-2 -> 52 | B54: 1 | C54: 8 | D54: 宮川正子 | E54: 861－0881 | F54: 正子ﾏｻｺR7(77)S22.7.15 ※留守多し | J54: 861－0881 | K54: 1
A55: 8 | B55: 1 | C55: 8 | D55: 佐々木由香里 | E55: 070-1226-1130 | F55: 由香里, 梨々華, 藍來 | H55: 要 | I55: 2 | J55: 070-1226-1130 | K55: 1
A56: =ROW()-2 -> 54 | B56: 1 | C56: 8 | D56: 橘鷹裕介 | E56: 861－2969 | F56: 評議員は「節子」さん 裕介R8.2月(48),節子R7(76)S24.2.27、在彩 | H56: 不要 | I56: 3 | J56: 861－2969
A57: =ROW()-2 -> 55 | B57: 1 | C57: 8 | D57: 玉田義輝 | E57: 090-8778-2829 | F57: 評議員は「優子」さん, 義輝R8.2月(52),輝優,哲輝 | H57: 不要 | I57: 3 | J57: 090-8778-2829
A58: =ROW()-2 -> 56 | B58: 1 | C58: 9 | D58: 金子勲 | E58: 861－3586 | F58: 評議員は「尚子」さん 勲R8.2月(92)S9.1.10 | H58: 不要 | I58: 5 | J58: 861－3586
A59: =ROW()-2 -> 57 | B59: 1 | C59: 9 | D59: 松本弘子 | E59: 861－4055 | F59: 評議員は妹の：加瀬和子S24.1.28 ※祭礼寄付は加瀬さん | H59: 不要 | I59: 0 | J59: 861－4055
A60: =ROW()-2 -> 58 | B60: 1 | C60: 9 | D60: 関口香奈 | E60: 861－0304 | F60: 桑名須美枝 関口香奈R8.2月(64)：090-6047-4874 | H60: 不要 | I60: 1 | J60: 861－0304
A61: =ROW()-2 -> 59 | B61: 1 | C61: 9 | D61: 藤田範男 | E61: 861－4047 | F61: 範男R8.2月(68),ユキエR7(94)S6.7.28-2025逝去 | H61: 不要 | I61: 2 | J61: 861－4047
A62: =ROW()-2 -> 60 | B62: 1 | C62: 9 | D62: 前田清孝 | E62: 861－6619 | F62: 清孝(68) | H62: 不要 | I62: 0 | J62: 861－6619
A63: =ROW()-2 -> 61 | B63: 1 | C63: 9 | D63: 高島秀夫 | E63: 861－8908 | F63: 秀夫R8.2月(74), 佳子ｹｲｺ | H63: 不要 | I63: 3 | J63: 861－8908
A64: 9 | B64: 1 | C64: 9 | D64: 桐生勝巳 | E64: 090-1604-7097 | F64: 勝巳(61),菊池篤子ｱﾂｺ(83), 千鶴子, 実咲 | H64: 要 | I64: 4 | J64: 090-1604-7097 | K64: 1
A65: =ROW()-2 -> 63 | B65: 1 | C65: 9 | D65: 前田拓也 | E65: 090-1698-7304 | F65: H31.4～(34),涼子,恵梨絵,茉莉恵 | H65: 不要 | I65: 4 | J65: 090-1698-7304
A66: =ROW()-2 -> 64 | B66: 1 | C66: 9 | D66: 竹本久子 | E66: 090-2426-5722 | F66: R5.8月入会 1954.1.6生(72) 三角 | H66: 不要 | I66: 0 | J66: 090-2426-5722
A67: =ROW()-2 -> 65 | B67: 1 | C67: 10 | D67: 須田昭 | E67: 861－0046 | J67: 861－0046 | K67: 1
A68: 10 | B68: 1 | C68: 10 | D68: 福寿早苗 | E68: 861－5768 | F68: 早苗(82) | H68: 要 | I68: 2 | J68: 861－5768 | K68: 1
A69: 11 | B69: 1 | C69: 10 | D69: 小山米子 | E69: 861－6556 | F69: 米子(87) | H69: 要 | I69: 1 | J69: 861－6556 | K69: 1
A70: =ROW()-2 -> 68 | B70: 1 | C70: 10 | D70: 須田公子 | E70: 861－4475 | F70: R4.評議員は「重光隆子」さん 090-5508-6158 公子R7(93)S7.3.18 | H70: 不要 | I70: 3 | J70: 861－4475
A71: =ROW()-2 -> 69 | B71: 1 | C71: 10 | D71: 牧野ビル | F71: R6.4月～※回覧不要（町内会費3,600円のみ） | K71: 1
A72: 12 | B72: 1 | C72: 10 | D72: 井岡拓也 | E72: 070-5601-3998 | G72: 乳児あり | H72: 要 | I72: 2 | J72: 070-5601-3998 | K72: 1
A73: 13 | B73: 1 | C73: 11 | D73: 渡邊幾子 | E73: 861－5160 | F73: 901号室 幾子(90) | G73: 長女,葉山在住 | H73: 要 | I73: 0 | J73: 861－5160 | K73: 1
A74: =ROW()-2 -> 72 | B74: 1 | C74: 11 | D74: 乾タヅ子 | E74: 861－6386 | F74: 902号室 タヅ子R7(79)S21.9.5 | H74: 不要 | I74: 1 | J74: 861－6386
A75: =ROW()-2 -> 73 | B75: 1 | C75: 11 | D75: 矢部謙三 | E75: 861－8012 | F75: 801号室 謙三R7(88)S12.9.1 | H75: 不要 | J75: 861－8012
A76: =ROW()-2 -> 74 | B76: 1 | C76: 11 | D76: 千葉幸代 | E76: 861－8988 | F76: 802号室 ※祭礼寄付の意志なし | J76: 861－8988 | K76: 1
A77: =ROW()-2 -> 75 | B77: 1 | C77: 11 | D77: 杉澤知美 | E77: 861－5071 | F77: 701号室（久貝⇒杉澤）知美R8.2月(58)090-1539-9137 | H77: 不要 | I77: 2 | J77: 861－5071
A78: =ROW()-2 -> 76 | B78: 1 | C78: 11 | D78: 伊藤健二 | F78: 702号室 健二R8.2月(73) 明美S14.1.1 | H78: 不要 | I78: 1
A79: =ROW()-2 -> 77 | B79: 1 | C79: 11 | D79: 荒井照男 | E79: 046-848－5127 | F79: 703号室 照男R8.2月(62) | H79: 不要 | I79: 4 | J79: 046-848－5127
A80: =ROW()-2 -> 78 | B80: 1 | C80: 11 | D80: 佐々木宏子 | F80: 601号室 宏子R8.2月(70) | H80: 不要 | I80: 0
A81: =ROW()-2 -> 79 | B81: 1 | C81: 11 | D81: 佐々木雅浩 | E81: 861－7531 | F81: 603号室 雅浩R8.2月(57),啓子、雅史,里菜 | H81: 不要 | I81: 4 | J81: 861－7531
A82: =ROW()-2 -> 80 | B82: 1 | C82: 12 | D82: 森良枝 | E82: 861－2322 | F82: 501号室 良枝S22.12.18(78) | H82: 不要 | I82: 0 | J82: 861－2322
A83: =ROW()-2 -> 81 | B83: 1 | C83: 12 | D83: 千葉満 | F83: 502号室 満R8.2月(49) | H83: 不要 | I83: 0
A84: =ROW()-2 -> 82 | B84: 1 | C84: 12 | D84: 鎌田智士 | E84: 090-7416-4378 | F84: 503号室 智士R8.2月(40) | H84: 不要 | I84: 0 | J84: 090-7416-4378
A85: =ROW()-2 -> 83 | B85: 1 | C85: 12 | D85: 古川孝一 | E85: 080-5694-8317 | F85: 504号室 R.7.3月加入 1964.8.20生(61) | H85: 不要 | I85: 1 | J85: 080-5694-8317
A86: 14 | B86: 1 | C86: 12 | D86: 杉森正博 | E86: 861－1736 | F86: 401号室 正博(72) | H86: 要 | I86: 2 | J86: 861－1736 | K86: 1
A87: =ROW()-2 -> 85 | B87: 1 | C87: 12 | D87: 山口明良 | E87: 861－4840 | F87: 402号室 明良R8.2月(59), 評議員は「知佐子」さん？、珠未 | H87: 不要 | I87: 1 | J87: 861－4840
A88: 15 | B88: 1 | C88: 12 | D88: 齋藤耕平 | E88: 080-3414-7545 | F88: 403号室 耕平, 知美(080-3525-1135) | G88: 子供留守番あり | H88: 要 | I88: 3 | J88: 080-3414-7545 | K88: 1
A89: 16 | B89: 1 | C89: 12 | D89: 小田切幸男 | F89: 404号室 幸男(77) | G89: 土日の訪問希望 | H89: 要 | I89: 0 | K89: 1
A90: =ROW()-2 -> 88 | B90: 1 | C90: 12 | D90: 矢畑進 | E90: 861－4220 | F90: 301号室 進R8.2月(56),サチ子、真那斗 | H90: 不要 | I90: 3 | J90: 861－4220
A91: 17 | B91: 1 | C91: 12 | D91: 杉山政臣 | F91: 302号室 政臣(38), 裕子,ひなた,瑛汰(10),敬汰 | G91: 瑛汰,放課後ひとり | H91: 要 | I91: 5 | K91: 1
A92: =ROW()-2 -> 90 | B92: 1 | C92: 12 | D92: 丸茂治彦 | E92: 861－8630 | F92: 303号室 治彦R8.2月(59) R3.評議員は「安岐子」さん, 舜弥,瞭太 | H92: 不要 | I92: 4 | J92: 861－8630
A93: =ROW()-2 -> 91 | B93: 1 | C93: 12 | D93: 山岸靖子 | E93: 854－9148 | F93: 304号室 靖子R8.2月(72) | H93: 不要 | I93: 0 | J93: 854－9148
A94: =ROW()-2 -> 92 | B94: 1 | C94: 12 | D94: 渡邉健志 | E94: 090-6633-4707 | F94: 201号室 健志R8.2月(42),妻「聖子」さん 2025.10月加入 | H94: 不要 | I94: 4 | J94: 090-6633-4707
A95: =ROW()-2 -> 93 | B95: 1 | C95: 12 | D95: 高橋昭仁 | E95: 861－5004 | F95: 202号室 昭仁R8.2月(65),評議員は「由美子」さん | H95: 不要 | I95: 1 | J95: 861－5004
A96: =ROW()-2 -> 94 | B96: 1 | C96: 12 | D96: 雨海正男 | E96: 861－8916 | F96: 203号室 雨海正男ｱﾏｶﾞｲﾏｻｵR8.2月(74) | H96: 不要 | I96: 3 | J96: 861－8916
A97: =ROW()-2 -> 95 | B97: 1 | C97: 12 | D97: 高橋博満 | E97: 861－5953 | F97: 204号室 博満R8.2月(62) | H97: 不要 | I97: 2 | J97: 861－5953
A98: =ROW()-2 -> 96 | B98: 2 | C98: 1 | D98: 森田眞由美 | E98: 861－7670 | F98: 眞由美R8.2月(67), 正子ﾏｻｺR7(92)S7.10.23-2025逝去 | H98: 不要 | I98: 0 | J98: 861－7670
A99: 18 | B99: 2 | C99: 1 | D99: 森田章裕 | E99: 080-1057-0799 | F99: 章裕,評議員は「恵」(090-4525-3059)さん 裕翔, 柚芽 | H99: 要 | I99: 5 | J99: 080-1057-0799 | K99: 1
A100: =ROW()-2 -> 98 | B100: 2 | C100: 1 | D100: 小澤正行 | E100: 861－0783 | F100: 正行R8.2月(66), 紀子R7(70以上) | H100: 不要 | I100: 1 | J100: 861－0783
...

Sheet 2026-0201
A1: 駒寄町内会 会員名簿 (2026年02月01日現在)
A2: 通番 | B2: 区 | C2: 班 | D2: No. | E2: 評議員 | F2: 氏名 ／ 屋号 | G2: 住所番地 | H2: 電 話 | I2: 備 考
A3: =ROW()-2 -> 1 | B3: 1 | C3: 1 | D3: =IF(AND(B2=B3,C2=C3),D2+1,1) -> 1 | F3: 中村芳朗 | G3: 6－1 | H3: 861－2770 | I3: 芳朗ﾖｼﾛｳ R7(75)
A4: =ROW()-2 -> 2 | B4: 1 | C4: 1 | D4: =IF(AND(B3=B4,C3=C4),D3+1,1) -> 2 | F4: 中村治子 | G4: 6－1 | H4: 861－2446 | I4: 治子ﾊﾙｺ R7(81)S19.8.24
A5: =ROW()-2 -> 3 | B5: 1 | C5: 1 | D5: =IF(AND(B4=B5,C4=C5),D4+1,1) -> 3 | F5: 松川正士 | G5: 6－1 | H5: 861－2384 | I5: 正士ﾏｻｼ R7(81)S19.3.31, 真美,妃由
A6: =ROW()-2 -> 4 | B6: 1 | C6: 1 | D6: =IF(AND(B5=B6,C5=C6),D5+1,1) -> 4 | F6: 和田薪 | G6: 6－1 | H6: 861－2481 | I6: セラヴィ 京子R7(79)S21.7.5
A7: =ROW()-2 -> 5 | B7: 1 | C7: 1 | D7: =IF(AND(B6=B7,C6=C7),D6+1,1) -> 5 | F7: 平井進 | G7: 6－2 | H7: 861－3291 | I7: 進 R7(77)S23.2.23
A8: =ROW()-2 -> 6 | B8: 1 | C8: 1 | D8: =IF(AND(B7=B8,C7=C8),D7+1,1) -> 6 | F8: 長谷川聰 | G8: 6－2 | I8: H29.4～ 聰ｻﾄｼ R7(83)S17.11.16
A9: =ROW()-2 -> 7 | B9: 1 | C9: 1 | D9: =IF(AND(B8=B9,C8=C9),D8+1,1) -> 7 | F9: 粟飯原功 | G9: 6－2 | H9: 861－4015 | I9: R7(77)S23.1.19
A10: =ROW()-2 -> 8 | B10: 1 | C10: 1 | D10: =IF(AND(B9=B10,C9=C10),D9+1,1) -> 8 | F10: 高橋正 | G10: 6－2 | H10: 861－0178 | I10: R3.評議員は「しのぶ」さん
A11: =ROW()-2 -> 9 | B11: 1 | C11: 1 | D11: =IF(AND(B10=B11,C10=C11),D10+1,1) -> 9 | E11: ● | F11: 林信行 | G11: 6－2 | H11: 090-3916-4588 | I11: H29.4～ 046-854-9786 同居佐藤たい子R7(93)S6.11.6
A12: =ROW()-2 -> 10 | B12: 1 | C12: 1 | D12: =IF(AND(B11=B12,C11=C12),D11+1,1) -> 10 | F12: 町田恵資 | G12: 6－1 | H12: 046-861-1644 | I12: S44.5.26生 ※行事は不参加
A13: =ROW()-2 -> 11 | B13: 1 | C13: 2 | D13: =IF(AND(B11=B13,C11=C13),D11+1,1) -> 1 | F13: 紺野建設 | G13: 6－69 | H13: 861－3180
A14: =ROW()-2 -> 12 | B14: 1 | C14: 2 | D14: =IF(AND(B13=B14,C13=C14),D13+1,1) -> 2 | F14: 遠山悦子 | G14: 6－68 | H14: 861－3815 | I14: R5.美代子さん逝去
A15: =ROW()-2 -> 13 | B15: 1 | C15: 2 | D15: =IF(AND(B14=B15,C14=C15),D14+1,1) -> 3 | F15: 高瀬一 | G15: 6－69 | H15: 861－0509 | I15: 一ﾊｼﾞﾒR7(76)S23.9.22、幸子(80)S20.7.11、徹(?)
A16: =ROW()-2 -> 14 | B16: 1 | C16: 2 | D16: =IF(AND(B15=B16,C15=C16),D15+1,1) -> 4 | E16: ● | F16: 齋藤勇 | G16: 6－68 | H16: 861－3823 | I16: 勇R7(79)S21.8.4、ヨシ子(93)S6.1.2
A17: =ROW()-2 -> 15 | B17: 1 | C17: 2 | D17: =IF(AND(B16=B17,C16=C17),D16+1,1) -> 5 | F17: 鍋田益男 | G17: 6－68片山303 | H17: 861－5959 | I17: 益男(88)S11.1.24、久枝(86)S14.2.16
A18: =ROW()-2 -> 16 | B18: 1 | C18: 2 | D18: =IF(AND(B17=B18,C17=C18),D17+1,1) -> 6 | F18: マミークリーニング | G18: 6－68 | H18: 861－1220
A19: =ROW()-2 -> 17 | B19: 1 | C19: 2 | D19: =IF(AND(B18=B19,C18=C19),D18+1,1) -> 7 | F19: 佐藤清 | G19: 6－69 | H19: 861－6235 | I19: H29.4～
A20: =ROW()-2 -> 18 | B20: 1 | C20: 2 | D20: =IF(AND(B19=B20,C19=C20),D19+1,1) -> 8 | F20: 戸村則登 | G20: 6－68-19 | H20: 090-6346-9518 | I20: R7.6月加入、S33.7.29生
A21: =ROW()-2 -> 19 | B21: 1 | C21: 2 | D21: =IF(AND(B20=B21,C20=C21),D20+1,1) -> 9 | F21: 渡邊秀一 | G21: 6-69-12 | H21: 090-9328-7011 | I21: S62.5.30生
A22: =ROW()-2 -> 20 | B22: 1 | C22: 3 | D22: =IF(AND(B19=B22,C19=C22),D19+1,1) -> 1 | E22: ● | F22: 佐久間明 | G22: 6－69 | H22: 861－3753 | I22: 明R7(75)、満貴子ﾏｷｺ(?),均(090-9305-5987)梢(080-5078-6336),光,匠,楓
A23: =ROW()-2 -> 21 | B23: 1 | C23: 3 | D23: =IF(AND(B22=B23,C22=C23),D22+1,1) -> 2 | F23: 鳥居スミヱ | G23: 6－77 | H23: 861－4993 | I23: 評議員は鳥居知加代 スミヱ(93)S7.5.31
A24: =ROW()-2 -> 22 | B24: 1 | C24: 3 | D24: =IF(AND(B23=B24,C23=C24),D23+1,1) -> 3 | F24: 渋江康弘 | G24: 6－77 | H24: 897－7032 | I24: 康弘ﾔｽﾋﾛR7(82)S18.8.18、秀子ﾋﾃﾞｺ(78)S22.1.22
A25: =ROW()-2 -> 23 | B25: 1 | C25: 3 | D25: =IF(AND(B24=B25,C24=C25),D24+1,1) -> 4 | F25: 石岡明憲 | G25: 6－77 | H25: 861－0925
A26: =ROW()-2 -> 24 | B26: 1 | C26: 3 | D26: =IF(AND(B25=B26,C25=C26),D25+1,1) -> 5 | F26: 中華料理成都 | G26: 6－77 | H26: 861－8060 | I26: 松本秀雄
A27: =ROW()-2 -> 25 | B27: 1 | C27: 3 | D27: =IF(AND(B26=B27,C26=C27),D26+1,1) -> 6 | F27: 武藤親弘 | G27: 6－76-4 | H27: 861－5829 | I27: 慎一R7(78)S22.4.25 親弘(090-7225-8149)敏恵,慎太郎,光次郎
A28: =ROW()-2 -> 26 | B28: 1 | C28: 3 | D28: =IF(AND(B27=B28,C27=C28),D27+1,1) -> 7 | F28: 串一 | G28: 6－77 | H28: 861－2733 | I28: 中村太一
A29: =ROW()-2 -> 27 | B29: 1 | C29: 3 | D29: =IF(AND(B28=B29,C28=C29),D28+1,1) -> 8 | F29: AJITO中村みどり | G29: 6－77 | H29: 887－0676 | I29: 中村修一R7(77)S23.10.15
A30: =ROW()-2 -> 28 | B30: 1 | C30: 4 | D30: =IF(AND(B29=B30,C29=C30),D29+1,1) -> 1 | F30: 澤登武文 | G30: 6－75 | H30: 861－4214 | I30: R4 弘志さん逝去
A31: =ROW()-2 -> 29 | B31: 1 | C31: 4 | D31: =IF(AND(B30=B31,C30=C31),D30+1,1) -> 2 | E31: ● | F31: 秋山芳美 | G31: 6－74 | H31: 861－7234
A32: =ROW()-2 -> 30 | B32: 1 | C32: 4 | D32: =IF(AND(B31=B32,C31=C32),D31+1,1) -> 3 | F32: 櫻井治 | G32: 6－74 | H32: 861－2490 | I32: 治ｵｻﾑR7(76)S24.2.2・美保子ﾐﾎｺ(76)S24.11.4
A33: =ROW()-2 -> 31 | B33: 1 | C33: 4 | D33: =IF(AND(B32=B33,C32=C33),D32+1,1) -> 4 | F33: 松永彰 | G33: 6－74 | H33: 861－2132 | I33: プレミール 彰ｱｷﾗR7(75)、正子(?)
A34: =ROW()-2 -> 32 | B34: 1 | C34: 4 | D34: =IF(AND(B33=B34,C33=C34),D33+1,1) -> 5 | F34: 橋本勇 | G34: 6－74 | H34: 861－2905 | I34: 勇ｲｻﾑR7(80)S20.5.18・愛子(79)S21.8.9
A35: =ROW()-2 -> 33 | B35: 1 | C35: 4 | D35: =IF(AND(B34=B35,C34=C35),D34+1,1) -> 6 | F35: 瀧下なつみ | G35: 6－75 | H35: 080-5417-6576 | I35: R1.4〜スズサンマンション302, 礼
A36: =ROW()-2 -> 34 | B36: 1 | C36: 5 | D36: =IF(AND(B35=B36,C35=C36),D35+1,1) -> 1 | E36: ● | F36: 鈴木洋一 | G36: 6－66－４ G3 | H36: 090-8506-2232 | I36: 102号室（861-8656 or 4686）評議員は宣子,理沙,玲奈
A37: =ROW()-2 -> 35 | B37: 1 | C37: 5 | D37: =IF(AND(B36=B37,C36=C37),D36+1,1) -> 2 | F37: 首藤睦 | G37: 6－66－４ G3 | H37: 861－9056 | I37: 203号室
A38: =ROW()-2 -> 36 | B38: 1 | C38: 5 | D38: =IF(AND(B37=B38,C37=C38),D37+1,1) -> 3 | F38: 大野誠治 | G38: 6－66－４ G3 | H38: 861－8652 | I38: 403号室 優李亜
A39: =ROW()-2 -> 37 | B39: 1 | C39: 6 | D39: =IF(AND(B38=B39,C38=C39),D38+1,1) -> 1 | F39: 青山啓二 | G39: 6－66 | H39: 861－3697 | I39: 順子ｼﾞｭﾝｺR7(75)
A40: =ROW()-2 -> 38 | B40: 1 | C40: 6 | D40: =IF(AND(B39=B40,C39=C40),D39+1,1) -> 2 | F40: 西田善隆 | G40: 6－70 | H40: 861－6352
A41: =ROW()-2 -> 39 | B41: 1 | C41: 6 | D41: =IF(AND(B40=B41,C40=C41),D40+1,1) -> 3 | F41: 渡戸正志 | G41: 6－70 | H41: 861－8128 | I41: 渡戸正志ﾜﾀﾄﾞﾏｻｼR7(78)S22.7.1、清美(?)
A42: =ROW()-2 -> 40 | B42: 1 | C42: 6 | D42: =IF(AND(B41=B42,C41=C42),D41+1,1) -> 4 | F42: 冨田剛 | G42: 6-63-27 | H42: 090-7828-7469 | I42: H31.1-, 綾乃,鈴,昇
A43: =ROW()-2 -> 41 | B43: 1 | C43: 6 | D43: =IF(AND(B42=B43,C42=C43),D42+1,1) -> 5 | E43: ● | F43: 堀井広樹 | G43: 6-63-7 | H43: 090-3406-1011 | I43: R1.5〜
A44: =ROW()-2 -> 42 | B44: 1 | C44: 6 | D44: =IF(AND(B43=B44,C43=C44),D43+1,1) -> 6 | F44: 菊池崇広 | G44: 6-47-54 | H44: 090-8585-0686 | I44: R7.2加入〜 ﾀｶﾋﾛ(1993.10.4生)
A45: =ROW()-2 -> 43 | B45: 1 | C45: 6 | D45: =IF(AND(B44=B45,C44=C45),D44+1,1) -> 7 | F45: 冨松良紀 | G45: 6-47-28 | H45: 090-4537-8236 | I45: R7.4加入 1998.5月生（橘鷹さん孫）愛海,ひまり
A46: =ROW()-2 -> 44 | B46: 1 | C46: 7 | D46: =IF(AND(B43=B46,C43=C46),D43+1,1) -> 1 | E46: ● | F46: 山合行之 | G46: 6－70 | H46: 861－8640 | I46: 行之ｺｳｼ、博美ﾋﾛﾐ
A47: =ROW()-2 -> 45 | B47: 1 | C47: 7 | D47: =IF(AND(B46=B47,C46=C47),D46+1,1) -> 2 | F47: 鈴木啓次 | G47: 6－70 | H47: 861－6138
A48: =ROW()-2 -> 46 | B48: 1 | C48: 7 | D48: =IF(AND(B47=B48,C47=C48),D47+1,1) -> 3 | F48: 宮野正子 | G48: 6－62 | H48: 861－4059 | I48: 評議員は「道子」さん？
A49: =ROW()-2 -> 47 | B49: 1 | C49: 7 | D49: =IF(AND(B48=B49,C48=C49),D48+1,1) -> 4 | F49: 小野怜子 | G49: 6－62 | H49: 861－2375 | I49: 怜子R7(80)S20.3.10
A50: =ROW()-2 -> 48 | B50: 1 | C50: 7 | D50: =IF(AND(B49=B50,C49=C50),D49+1,1) -> 5 | F50: 中村未紀 | G50: 6－70 | H50: 090-7227-0266 | I50: R3.12月加入//S43.4.23生「未紀？未妃？」
A51: =ROW()-2 -> 49 | B51: 1 | C51: 8 | D51: =IF(AND(B50=B51,C50=C51),D50+1,1) -> 1 | F51: 齋藤良一 | G51: 6－67 | H51: 861－4325 | I51: R3.評議員は「智子」さん 良一R7(75)
A52: =ROW()-2 -> 50 | B52: 1 | C52: 8 | D52: =IF(AND(B51=B52,C51=C52),D51+1,1) -> 2 | F52: 齋藤和枝 | G52: 6－67 | H52: 861－1010 | I52: H29.4～ 和枝(80)S20.4.17・礼子(77)S23.1.22
A53: =ROW()-2 -> 51 | B53: 1 | C53: 8 | D53: =IF(AND(B52=B53,C52=C53),D52+1,1) -> 3 | E53: ● | F53: 溝口美代子 | G53: 6－66 | H53: 861－3965 | I53: 美代子R7(79)S21.12.13
A54: =ROW()-2 -> 52 | B54: 1 | C54: 8 | D54: =IF(AND(B53=B54,C53=C54),D53+1,1) -> 4 | F54: 宮川正子 | G54: 6－65 | H54: 861－0881 | I54: 正子ﾏｻｺR7(77)S22.7.15
A55: =ROW()-2 -> 53 | B55: 1 | C55: 8 | D55: =IF(AND(B54=B55,C54=C55),D54+1,1) -> 5 | F55: 佐々木由香里 | G55: 6－65 | H55: 070-1226-1130 | I55: 梨々華,藍來
A56: =ROW()-2 -> 54 | B56: 1 | C56: 8 | D56: =IF(AND(B55=B56,C55=C56),D55+1,1) -> 6 | F56: 橘鷹裕介 | G56: 6－63－10 | H56: 861－2969 | I56: 評議員は「節子」さん 節子R7(76)S24.2.27、在彩
A57: =ROW()-2 -> 55 | B57: 1 | C57: 8 | D57: =IF(AND(B56=B57,C56=C57),D56+1,1) -> 7 | F57: 玉田義輝 | G57: 6－63 | H57: 090-8778-2829 | I57: 評議員は「優子」さん, 輝優,哲輝
A58: =ROW()-2 -> 56 | B58: 1 | C58: 9 | D58: =IF(AND(B57=B58,C57=C58),D57+1,1) -> 1 | E58: ● | F58: 金子勲 | G58: 6－63 | H58: 861－3586 | I58: 評議員は「尚子」さん 勲R7(91)S9.1.10
A59: =ROW()-2 -> 57 | B59: 1 | C59: 9 | D59: =IF(AND(B58=B59,C58=C59),D58+1,1) -> 2 | F59: 松本弘子 | G59: 6－63 | H59: 861－4055 | I59: 評議員は妹の：加瀬和子S24.1.28 ※祭礼寄付は加瀬さん
A60: =ROW()-2 -> 58 | B60: 1 | C60: 9 | D60: =IF(AND(B59=B60,C59=C60),D59+1,1) -> 3 | F60: 関口香奈 | G60: 6－63 | H60: 861－0304 | I60: 桑名須美枝 関口：090-6047-4874
A61: =ROW()-2 -> 59 | B61: 1 | C61: 9 | D61: =IF(AND(B60=B61,C60=C61),D60+1,1) -> 4 | F61: 藤田範男 | G61: 6－64 | H61: 861－4047 | I61: ユキエR7(94)S6.7.28-2025逝去
A62: =ROW()-2 -> 60 | B62: 1 | C62: 9 | D62: =IF(AND(B61=B62,C61=C62),D61+1,1) -> 5 | F62: 前田清孝 | G62: 6－64 | H62: 861－6619
A63: =ROW()-2 -> 61 | B63: 1 | C63: 9 | D63: =IF(AND(B62=B63,C62=C63),D62+1,1) -> 6 | F63: 高島秀夫 | G63: 6－64 | H63: 861－8908 | I63: 佳子ｹｲｺ
A64: =ROW()-2 -> 62 | B64: 1 | C64: 9 | D64: =IF(AND(B63=B64,C63=C64),D63+1,1) -> 7 | F64: 桐生勝巳 | G64: 6－65 | H64: 090-1604-7097 | I64: H31.4～ 菊池篤子ｱﾂｺR7(82)S18.1.2, 千鶴子,実咲
A65: =ROW()-2 -> 63 | B65: 1 | C65: 9 | D65: =IF(AND(B64=B65,C64=C65),D64+1,1) -> 8 | F65: 前田拓也 | G65: 6－65 | H65: 090-1698-7304 | I65: H31.4～,涼子,恵梨絵,茉莉恵
A66: =ROW()-2 -> 64 | B66: 1 | C66: 9 | D66: =IF(AND(B65=B66,C65=C66),D65+1,1) -> 9 | F66: 竹本久子 | G66: 6－65 | H66: 090-2426-5722 | I66: R5.8月入会 1954.1.6生 三角
A67: =ROW()-2 -> 65 | B67: 1 | C67: 10 | D67: =IF(AND(B65=B67,C65=C67),D65+1,1) -> 1 | F67: 須田昭 | G67: 6－3 | H67: 861－0046
A68: =ROW()-2 -> 66 | B68: 1 | C68: 10 | D68: =IF(AND(B67=B68,C67=C68),D67+1,1) -> 2 | F68: 福寿早苗 | G68: 6－6 | H68: 861－5768 | I68: 早苗R7(81)S19.1.2
A69: =ROW()-2 -> 67 | B69: 1 | C69: 10 | D69: =IF(AND(B68=B69,C68=C69),D68+1,1) -> 3 | F69: 小山米子 | G69: 6－6 | H69: 861－6556 | I69: 米子R7(86)S13.3.29
A70: =ROW()-2 -> 68 | B70: 1 | C70: 10 | D70: =IF(AND(B69=B70,C69=C70),D69+1,1) -> 4 | E70: ● | F70: 須田公子 | G70: 6－6 | H70: 861－4475 | I70: R4.評議員は「重光隆子」さん 090-5508-6158 公子R7(93)S7.3.18
A71: =ROW()-2 -> 69 | B71: 1 | C71: 10 | D71: =IF(AND(B70=B71,C70=C71),D70+1,1) -> 5 | F71: 牧野ビル | I71: R6.4月～※回覧不要（町内会費3,600円のみ）
A72: =ROW()-2 -> 70 | B72: 1 | C72: 10 | D72: =IF(AND(B71=B72,C71=C72),D71+1,1) -> 6 | F72: 井岡拓也 | G72: 6－6－5 | H72: 070-5601-3998 | I72: 拓也1993.7.20生 2026.1月加入
A73: =ROW()-2 -> 71 | B73: 1 | C73: 11 | D73: =IF(AND(B70=B73,C70=C73),D70+1,1) -> 1 | F73: 渡邊芳彦 | G73: 6－68-14 G2 | H73: 861－5160 | I73: 901号室 渡邊幾子ｲｸｺR7(89)S11.1.5
A74: =ROW()-2 -> 72 | B74: 1 | C74: 11 | D74: =IF(AND(B73=B74,C73=C74),D73+1,1) -> 2 | F74: 乾タヅ子 | G74: 6－68-14 G2 | H74: 861－6386 | I74: 902号室 タヅ子R7(79)S21.9.5
A75: =ROW()-2 -> 73 | B75: 1 | C75: 11 | D75: =IF(AND(B74=B75,C74=C75),D74+1,1) -> 3 | F75: 矢部謙三 | G75: 6－68-14 G2 | H75: 861－8012 | I75: 801号室 謙三R7(88)S12.9.1
A76: =ROW()-2 -> 74 | B76: 1 | C76: 11 | D76: =IF(AND(B75=B76,C75=C76),D75+1,1) -> 4 | F76: 千葉幸代 | G76: 6－68-14 G2 | H76: 861－8988 | I76: 802号室 ※祭礼寄付の意志なし
A77: =ROW()-2 -> 75 | B77: 1 | C77: 11 | D77: =IF(AND(B76=B77,C76=C77),D76+1,1) -> 5 | F77: 杉澤知美 | G77: 6－68-14 G2 | H77: 861－5071 | I77: 701号室（久貝⇒杉澤）090-1539-9137
A78: =ROW()-2 -> 76 | B78: 1 | C78: 11 | D78: =IF(AND(B77=B78,C77=C78),D77+1,1) -> 6 | F78: 伊藤健二 | G78: 6－68-14 G2 | I78: 702号室 明美S14.1.1
A79: =ROW()-2 -> 77 | B79: 1 | C79: 11 | D79: =IF(AND(B78=B79,C78=C79),D78+1,1) -> 7 | E79: ● | F79: 荒井照男 | G79: 6－68-14 G2 | H79: 046-848－5127 | I79: 703号室
A80: =ROW()-2 -> 78 | B80: 1 | C80: 11 | D80: =IF(AND(B79=B80,C79=C80),D79+1,1) -> 8 | F80: 佐々木宏子 | G80: 6－68-14 G2 | I80: 601号室
A81: =ROW()-2 -> 79 | B81: 1 | C81: 11 | D81: =IF(AND(B80=B81,C80=C81),D80+1,1) -> 9 | F81: 佐々木雅浩 | G81: 6－68-14 G2 | H81: 861－7531 | I81: 603号室 啓子、雅史,里菜
A82: =ROW()-2 -> 80 | B82: 1 | C82: 12 | D82: =IF(AND(B81=B82,C81=C82),D81+1,1) -> 1 | E82: ● | F82: 森良枝 | G82: 6－68-14 G2 | H82: 861－2322 | I82: 501号室 良枝S22.12.18
A83: =ROW()-2 -> 81 | B83: 1 | C83: 12 | D83: =IF(AND(B82=B83,C82=C83),D82+1,1) -> 2 | F83: 千葉満 | G83: 6－68-14 G2 | I83: 502号室
A84: =ROW()-2 -> 82 | B84: 1 | C84: 12 | D84: =IF(AND(B83=B84,C83=C84),D83+1,1) -> 3 | F84: 鎌田智士 | G84: 6－68-14 G2 | H84: 090-7416-4378 | I84: 503号室
A85: =ROW()-2 -> 83 | B85: 1 | C85: 12 | D85: =IF(AND(B84=B85,C84=C85),D84+1,1) -> 4 | F85: 古川孝一 | G85: 6－68-14 G2 | H85: 080-5694-8317 | I85: 504号室 R.7.3月加入 1964.8.20生
A86: =ROW()-2 -> 84 | B86: 1 | C86: 12 | D86: =IF(AND(B85=B86,C85=C86),D85+1,1) -> 5 | F86: 杉森正博 | G86: 6－68-14 G2 | H86: 861－1736 | I86: 401号室
A87: =ROW()-2 -> 85 | B87: 1 | C87: 12 | D87: =IF(AND(B86=B87,C86=C87),D86+1,1) -> 6 | F87: 山口明良 | G87: 6－68-14 G2 | H87: 861－4840 | I87: 402号室 評議員は「知佐子」さん？、珠未
A88: =ROW()-2 -> 86 | B88: 1 | C88: 12 | D88: =IF(AND(B87=B88,C87=C88),D87+1,1) -> 7 | F88: 齋藤耕平 | G88: 6－68-14 G2 | H88: 080-3414-7545 | I88: 403号室 知美(080-3525-1135)
A89: =ROW()-2 -> 87 | B89: 1 | C89: 12 | D89: =IF(AND(B88=B89,C88=C89),D88+1,1) -> 8 | F89: 小田切幸男 | G89: 6－68-14 G2 | I89: 404号室 幸男S23.12.23
A90: =ROW()-2 -> 88 | B90: 1 | C90: 12 | D90: =IF(AND(B89=B90,C89=C90),D89+1,1) -> 9 | F90: 矢畑進 | G90: 6－68-14 G2 | H90: 861－4220 | I90: 301号室 サチ子、真那斗
A91: =ROW()-2 -> 89 | B91: 1 | C91: 12 | D91: =IF(AND(B90=B91,C90=C91),D90+1,1) -> 10 | F91: 杉山 | G91: 6－68-14 G2 | I91: 302号室 姓のみでOK「正臣？政臣？」裕子,ひなた,瑛汰,敬汰
A92: =ROW()-2 -> 90 | B92: 1 | C92: 12 | D92: =IF(AND(B91=B92,C91=C92),D91+1,1) -> 11 | F92: 丸茂治彦 | G92: 6－68-14 G2 | H92: 861－8630 | I92: 303号室 R3.評議員は「安岐子」さん, 舜弥,瞭太
A93: =ROW()-2 -> 91 | B93: 1 | C93: 12 | D93: =IF(AND(B92=B93,C92=C93),D92+1,1) -> 12 | F93: 山岸靖子 | G93: 6－68-14 G2 | H93: 854－9148 | I93: 304号室
A94: =ROW()-2 -> 92 | B94: 1 | C94: 12 | D94: =IF(AND(B93=B94,C93=C94),D93+1,1) -> 13 | F94: 渡邉健志 | G94: 6－68-14 G2 | H94: 090-6633-4707 | I94: 201号室 妻「聖子」さん 2025.10月加入
A95: =ROW()-2 -> 93 | B95: 1 | C95: 12 | D95: =IF(AND(B94=B95,C94=C95),D94+1,1) -> 14 | F95: 高橋昭仁 | G95: 6－68-14 G2 | H95: 861－5004 | I95: 202号室 評議員は「由美子」さん
A96: =ROW()-2 -> 94 | B96: 1 | C96: 12 | D96: =IF(AND(B95=B96,C95=C96),D95+1,1) -> 15 | F96: 雨海正男 | G96: 6－68-14 G2 | H96: 861－8916 | I96: 203号室 雨海正男ｱﾏｶﾞｲﾏｻｵ
A97: =ROW()-2 -> 95 | B97: 1 | C97: 12 | D97: =IF(AND(B96=B97,C96=C97),D96+1,1) -> 16 | F97: 高橋博満 | G97: 6－68-14 G2 | H97: 861－5953 | I97: 204号室
A98: =ROW()-2 -> 96 | B98: 2 | C98: 1 | D98: =IF(AND(B97=B98,C97=C98),D97+1,1) -> 1 | F98: 森田眞由美 | G98: 6－7 | H98: 861－7670 | I98: 正子ﾏｻｺR7(92)S7.10.23-2025逝去
A99: =ROW()-2 -> 97 | B99: 2 | C99: 1 | D99: =IF(AND(B98=B99,C98=C99),D98+1,1) -> 2 | F99: 森田章裕 | G99: 6－10 | H99: 080-1057-0799 | I99: 評議員は「恵」(090-4525-3059)さん 裕翔, 柚芽
A100: =ROW()-2 -> 98 | B100: 2 | C100: 1 | D100: =IF(AND(B99=B100,C99=C100),D99+1,1) -> 3 | F100: 小澤正行 | G100: 6－8 | H100: 861－0783 | I100: 紀子R7(70以上)
...

Sheet 2026-0125
A1: 駒寄町内会 会員名簿 (2026年01月25日現在)
A2: 通番 | B2: 区 | C2: 班 | D2: No. | E2: 評議員 | F2: 氏名 ／ 屋号 | G2: 住所番地 | H2: 電 話 | I2: 備 考
A3: =ROW()-2 -> 1 | B3: 1 | C3: 1 | D3: =IF(AND(B2=B3,C2=C3),D2+1,1) -> 1 | F3: 中村芳朗 | G3: 6－1 | H3: 861－2770 | I3: 芳朗ﾖｼﾛｳ R7(75)
A4: =ROW()-2 -> 2 | B4: 1 | C4: 1 | D4: =IF(AND(B3=B4,C3=C4),D3+1,1) -> 2 | F4: 中村治子 | G4: 6－1 | H4: 861－2446 | I4: 治子ﾊﾙｺ R7(81)S19.8.24
A5: =ROW()-2 -> 3 | B5: 1 | C5: 1 | D5: =IF(AND(B4=B5,C4=C5),D4+1,1) -> 3 | F5: 松川正士 | G5: 6－1 | H5: 861－2384 | I5: 正士ﾏｻｼ R7(81)S19.3.31, 真美,妃由
A6: =ROW()-2 -> 4 | B6: 1 | C6: 1 | D6: =IF(AND(B5=B6,C5=C6),D5+1,1) -> 4 | F6: 和田薪 | G6: 6－1 | H6: 861－2481 | I6: セラヴィ 京子R7(79)S21.7.5
A7: =ROW()-2 -> 5 | B7: 1 | C7: 1 | D7: =IF(AND(B6=B7,C6=C7),D6+1,1) -> 5 | F7: 平井進 | G7: 6－2 | H7: 861－3291 | I7: 進 R7(77)S23.2.23
A8: =ROW()-2 -> 6 | B8: 1 | C8: 1 | D8: =IF(AND(B7=B8,C7=C8),D7+1,1) -> 6 | F8: 長谷川聰 | G8: 6－2 | I8: H29.4～ 聰ｻﾄｼ R7(83)S17.11.16
A9: =ROW()-2 -> 7 | B9: 1 | C9: 1 | D9: =IF(AND(B8=B9,C8=C9),D8+1,1) -> 7 | F9: 粟飯原功 | G9: 6－2 | H9: 861－4015 | I9: R7(77)S23.1.19
A10: =ROW()-2 -> 8 | B10: 1 | C10: 1 | D10: =IF(AND(B9=B10,C9=C10),D9+1,1) -> 8 | F10: 高橋正 | G10: 6－2 | H10: 861－0178 | I10: R3.評議員は「しのぶ」さん
A11: =ROW()-2 -> 9 | B11: 1 | C11: 1 | D11: =IF(AND(B10=B11,C10=C11),D10+1,1) -> 9 | E11: ● | F11: 林信行 | G11: 6－2 | H11: 090-3916-4588 | I11: H29.4～ 046-854-9786 同居佐藤たい子R7(93)S6.11.6
A12: =ROW()-2 -> 10 | B12: 1 | C12: 1 | D12: =IF(AND(B11=B12,C11=C12),D11+1,1) -> 10 | F12: 町田さん
A13: =ROW()-2 -> 11 | B13: 1 | C13: 2 | D13: =IF(AND(B11=B13,C11=C13),D11+1,1) -> 1 | F13: 紺野建設 | G13: 6－69 | H13: 861－3180
A14: =ROW()-2 -> 12 | B14: 1 | C14: 2 | D14: =IF(AND(B13=B14,C13=C14),D13+1,1) -> 2 | F14: 遠山悦子 | G14: 6－68 | H14: 861－3815 | I14: R5.美代子さん逝去
A15: =ROW()-2 -> 13 | B15: 1 | C15: 2 | D15: =IF(AND(B14=B15,C14=C15),D14+1,1) -> 3 | F15: 高瀬一 | G15: 6－69 | H15: 861－0509 | I15: 一ﾊｼﾞﾒR7(76)S23.9.22、幸子(80)S20.7.11、徹(?)
A16: =ROW()-2 -> 14 | B16: 1 | C16: 2 | D16: =IF(AND(B15=B16,C15=C16),D15+1,1) -> 4 | E16: ● | F16: 齋藤勇 | G16: 6－68 | H16: 861－3823 | I16: 勇R7(79)S21.8.4、ヨシ子(93)S6.1.2
A17: =ROW()-2 -> 15 | B17: 1 | C17: 2 | D17: =IF(AND(B16=B17,C16=C17),D16+1,1) -> 5 | F17: 鍋田益男 | G17: 6－68片山303 | H17: 861－5959 | I17: 益男(88)S11.1.24、久枝(86)S14.2.16
A18: =ROW()-2 -> 16 | B18: 1 | C18: 2 | D18: =IF(AND(B17=B18,C17=C18),D17+1,1) -> 6 | F18: マミークリーニング | G18: 6－68 | H18: 861－1220
A19: =ROW()-2 -> 17 | B19: 1 | C19: 2 | D19: =IF(AND(B18=B19,C18=C19),D18+1,1) -> 7 | F19: 佐藤清 | G19: 6－69 | H19: 861－6235 | I19: H29.4～
A20: =ROW()-2 -> 18 | B20: 1 | C20: 2 | D20: =IF(AND(B19=B20,C19=C20),D19+1,1) -> 8 | F20: 戸村則登 | G20: 6－68-19 | H20: 090-6346-9518 | I20: R7.6月加入、S33.7.29生
A21: =ROW()-2 -> 19 | B21: 1 | C21: 2 | D21: =IF(AND(B20=B21,C20=C21),D20+1,1) -> 9 | F21: 渡辺さん
A22: =ROW()-2 -> 20 | B22: 1 | C22: 3 | D22: =IF(AND(B19=B22,C19=C22),D19+1,1) -> 1 | E22: ● | F22: 佐久間明 | G22: 6－69 | H22: 861－3753 | I22: 明R7(75)、満貴子ﾏｷｺ(?),均(090-9305-5987)梢(080-5078-6336),光,匠,楓
A23: =ROW()-2 -> 21 | B23: 1 | C23: 3 | D23: =IF(AND(B22=B23,C22=C23),D22+1,1) -> 2 | F23: 鳥居スミヱ | G23: 6－77 | H23: 861－4993 | I23: 評議員は鳥居知加代 スミヱ(93)S7.5.31
A24: =ROW()-2 -> 22 | B24: 1 | C24: 3 | D24: =IF(AND(B23=B24,C23=C24),D23+1,1) -> 3 | F24: 渋江康弘 | G24: 6－77 | H24: 897－7032 | I24: 康弘ﾔｽﾋﾛR7(82)S18.8.18、秀子ﾋﾃﾞｺ(78)S22.1.22
A25: =ROW()-2 -> 23 | B25: 1 | C25: 3 | D25: =IF(AND(B24=B25,C24=C25),D24+1,1) -> 4 | F25: 石岡明憲 | G25: 6－77 | H25: 861－0925
A26: =ROW()-2 -> 24 | B26: 1 | C26: 3 | D26: =IF(AND(B25=B26,C25=C26),D25+1,1) -> 5 | F26: 中華料理成都 | G26: 6－77 | H26: 861－8060 | I26: 松本秀雄
A27: =ROW()-2 -> 25 | B27: 1 | C27: 3 | D27: =IF(AND(B26=B27,C26=C27),D26+1,1) -> 6 | F27: 武藤親弘 | G27: 6－76-4 | H27: 861－5829 | I27: 慎一R7(78)S22.4.25 親弘(090-7225-8149)敏恵,慎太郎,光次郎
A28: =ROW()-2 -> 26 | B28: 1 | C28: 3 | D28: =IF(AND(B27=B28,C27=C28),D27+1,1) -> 7 | F28: 串一 | G28: 6－77 | H28: 861－2733 | I28: 中村太一
A29: =ROW()-2 -> 27 | B29: 1 | C29: 3 | D29: =IF(AND(B28=B29,C28=C29),D28+1,1) -> 8 | F29: AJITO中村みどり | G29: 6－77 | H29: 887－0676 | I29: 中村修一R7(77)S23.10.15
A30: =ROW()-2 -> 28 | B30: 1 | C30: 4 | D30: =IF(AND(B29=B30,C29=C30),D29+1,1) -> 1 | F30: 澤登武文 | G30: 6－75 | H30: 861－4214 | I30: R4 弘志さん逝去
A31: =ROW()-2 -> 29 | B31: 1 | C31: 4 | D31: =IF(AND(B30=B31,C30=C31),D30+1,1) -> 2 | E31: ● | F31: 秋山芳美 | G31: 6－74 | H31: 861－7234
A32: =ROW()-2 -> 30 | B32: 1 | C32: 4 | D32: =IF(AND(B31=B32,C31=C32),D31+1,1) -> 3 | F32: 櫻井治 | G32: 6－74 | H32: 861－2490 | I32: 治ｵｻﾑR7(76)S24.2.2・美保子ﾐﾎｺ(76)S24.11.4
A33: =ROW()-2 -> 31 | B33: 1 | C33: 4 | D33: =IF(AND(B32=B33,C32=C33),D32+1,1) -> 4 | F33: 松永彰 | G33: 6－74 | H33: 861－2132 | I33: プレミール 彰ｱｷﾗR7(75)、正子(?)
A34: =ROW()-2 -> 32 | B34: 1 | C34: 4 | D34: =IF(AND(B33=B34,C33=C34),D33+1,1) -> 5 | F34: 橋本勇 | G34: 6－74 | H34: 861－2905 | I34: 勇ｲｻﾑR7(80)S20.5.18・愛子(79)S21.8.9
A35: =ROW()-2 -> 33 | B35: 1 | C35: 4 | D35: =IF(AND(B34=B35,C34=C35),D34+1,1) -> 6 | F35: 瀧下なつみ | G35: 6－75 | H35: 080-5417-6576 | I35: R1.4〜スズサンマンション302, 礼
A36: =ROW()-2 -> 34 | B36: 1 | C36: 5 | D36: =IF(AND(B35=B36,C35=C36),D35+1,1) -> 1 | E36: ● | F36: 鈴木洋一 | G36: 6－66－４ G3 | H36: 090-8506-2232 | I36: 102号室（861-8656 or 4686）評議員は宣子,理沙,玲奈
A37: =ROW()-2 -> 35 | B37: 1 | C37: 5 | D37: =IF(AND(B36=B37,C36=C37),D36+1,1) -> 2 | F37: 首藤睦 | G37: 6－66－４ G3 | H37: 861－9056 | I37: 203号室
A38: =ROW()-2 -> 36 | B38: 1 | C38: 5 | D38: =IF(AND(B37=B38,C37=C38),D37+1,1) -> 3 | F38: 大野誠治 | G38: 6－66－４ G3 | H38: 861－8652 | I38: 403号室 優李亜
A39: =ROW()-2 -> 37 | B39: 1 | C39: 6 | D39: =IF(AND(B38=B39,C38=C39),D38+1,1) -> 1 | F39: 青山啓二 | G39: 6－66 | H39: 861－3697 | I39: 順子ｼﾞｭﾝｺR7(75)
A40: =ROW()-2 -> 38 | B40: 1 | C40: 6 | D40: =IF(AND(B39=B40,C39=C40),D39+1,1) -> 2 | F40: 西田善隆 | G40: 6－70 | H40: 861－6352
A41: =ROW()-2 -> 39 | B41: 1 | C41: 6 | D41: =IF(AND(B40=B41,C40=C41),D40+1,1) -> 3 | F41: 渡戸正志 | G41: 6－70 | H41: 861－8128 | I41: 渡戸正志ﾜﾀﾄﾞﾏｻｼR7(78)S22.7.1、清美(?)
A42: =ROW()-2 -> 40 | B42: 1 | C42: 6 | D42: =IF(AND(B41=B42,C41=C42),D41+1,1) -> 4 | F42: 冨田剛 | G42: 6-63-27 | H42: 090-7828-7469 | I42: H31.1-, 綾乃,鈴,昇
A43: =ROW()-2 -> 41 | B43: 1 | C43: 6 | D43: =IF(AND(B42=B43,C42=C43),D42+1,1) -> 5 | E43: ● | F43: 堀井広樹 | G43: 6-63-7 | H43: 090-3406-1011 | I43: R1.5〜
A44: =ROW()-2 -> 42 | B44: 1 | C44: 6 | D44: =IF(AND(B43=B44,C43=C44),D43+1,1) -> 6 | F44: 菊池崇広 | G44: 6-47-54 | H44: 090-8585-0686 | I44: R7.2加入〜 ﾀｶﾋﾛ(1993.10.4生)
A45: =ROW()-2 -> 43 | B45: 1 | C45: 6 | D45: =IF(AND(B44=B45,C44=C45),D44+1,1) -> 7 | F45: 冨松良紀 | G45: 6-47-28 | H45: 090-4537-8236 | I45: R7.4加入 1998.5月生（橘鷹さん孫）愛海,ひまり
A46: =ROW()-2 -> 44 | B46: 1 | C46: 7 | D46: =IF(AND(B43=B46,C43=C46),D43+1,1) -> 1 | E46: ● | F46: 山合行之 | G46: 6－70 | H46: 861－8640 | I46: 行之ｺｳｼ、博美ﾋﾛﾐ
A47: =ROW()-2 -> 45 | B47: 1 | C47: 7 | D47: =IF(AND(B46=B47,C46=C47),D46+1,1) -> 2 | F47: 鈴木啓次 | G47: 6－70 | H47: 861－6138
A48: =ROW()-2 -> 46 | B48: 1 | C48: 7 | D48: =IF(AND(B47=B48,C47=C48),D47+1,1) -> 3 | F48: 宮野正子 | G48: 6－62 | H48: 861－4059 | I48: 評議員は「道子」さん？
A49: =ROW()-2 -> 47 | B49: 1 | C49: 7 | D49: =IF(AND(B48=B49,C48=C49),D48+1,1) -> 4 | F49: 小野怜子 | G49: 6－62 | H49: 861－2375 | I49: 怜子R7(80)S20.3.10
A50: =ROW()-2 -> 48 | B50: 1 | C50: 7 | D50: =IF(AND(B49=B50,C49=C50),D49+1,1) -> 5 | F50: 中村未紀 | G50: 6－70 | H50: 090-7227-0266 | I50: R3.12月加入//S43.4.23生「未紀？未妃？」
A51: =ROW()-2 -> 49 | B51: 1 | C51: 8 | D51: =IF(AND(B50=B51,C50=C51),D50+1,1) -> 1 | F51: 齋藤良一 | G51: 6－67 | H51: 861－4325 | I51: R3.評議員は「智子」さん 良一R7(75)
A52: =ROW()-2 -> 50 | B52: 1 | C52: 8 | D52: =IF(AND(B51=B52,C51=C52),D51+1,1) -> 2 | F52: 齋藤和枝 | G52: 6－67 | H52: 861－1010 | I52: H29.4～ 和枝(80)S20.4.17・礼子(77)S23.1.22
A53: =ROW()-2 -> 51 | B53: 1 | C53: 8 | D53: =IF(AND(B52=B53,C52=C53),D52+1,1) -> 3 | E53: ● | F53: 溝口美代子 | G53: 6－66 | H53: 861－3965 | I53: 美代子R7(79)S21.12.13
A54: =ROW()-2 -> 52 | B54: 1 | C54: 8 | D54: =IF(AND(B53=B54,C53=C54),D53+1,1) -> 4 | F54: 宮川正子 | G54: 6－65 | H54: 861－0881 | I54: 正子ﾏｻｺR7(77)S22.7.15
A55: =ROW()-2 -> 53 | B55: 1 | C55: 8 | D55: =IF(AND(B54=B55,C54=C55),D54+1,1) -> 5 | F55: 佐々木由香里 | G55: 6－65 | H55: 070-1226-1130 | I55: 梨々華,藍來
A56: =ROW()-2 -> 54 | B56: 1 | C56: 8 | D56: =IF(AND(B55=B56,C55=C56),D55+1,1) -> 6 | F56: 橘鷹裕介 | G56: 6－63－10 | H56: 861－2969 | I56: 評議員は「節子」さん 節子R7(76)S24.2.27、在彩
A57: =ROW()-2 -> 55 | B57: 1 | C57: 8 | D57: =IF(AND(B56=B57,C56=C57),D56+1,1) -> 7 | F57: 玉田義輝 | G57: 6－63 | H57: 090-8778-2829 | I57: 評議員は「優子」さん, 輝優,哲輝
A58: =ROW()-2 -> 56 | B58: 1 | C58: 9 | D58: =IF(AND(B57=B58,C57=C58),D57+1,1) -> 1 | E58: ● | F58: 金子勲 | G58: 6－63 | H58: 861－3586 | I58: 評議員は「尚子」さん 勲R7(91)S9.1.10
A59: =ROW()-2 -> 57 | B59: 1 | C59: 9 | D59: =IF(AND(B58=B59,C58=C59),D58+1,1) -> 2 | F59: 松本弘子 | G59: 6－63 | H59: 861－4055 | I59: 評議員は妹の：加瀬和子S24.1.28 ※祭礼寄付は加瀬さん
A60: =ROW()-2 -> 58 | B60: 1 | C60: 9 | D60: =IF(AND(B59=B60,C59=C60),D59+1,1) -> 3 | F60: 関口香奈 | G60: 6－63 | H60: 861－0304 | I60: 桑名須美枝 関口：090-6047-4874
A61: =ROW()-2 -> 59 | B61: 1 | C61: 9 | D61: =IF(AND(B60=B61,C60=C61),D60+1,1) -> 4 | F61: 藤田範男 | G61: 6－64 | H61: 861－4047 | I61: ユキエR7(94)S6.7.28-2025逝去
A62: =ROW()-2 -> 60 | B62: 1 | C62: 9 | D62: =IF(AND(B61=B62,C61=C62),D61+1,1) -> 5 | F62: 前田清孝 | G62: 6－64 | H62: 861－6619
A63: =ROW()-2 -> 61 | B63: 1 | C63: 9 | D63: =IF(AND(B62=B63,C62=C63),D62+1,1) -> 6 | F63: 高島秀夫 | G63: 6－64 | H63: 861－8908 | I63: 佳子ｹｲｺ
A64: =ROW()-2 -> 62 | B64: 1 | C64: 9 | D64: =IF(AND(B63=B64,C63=C64),D63+1,1) -> 7 | F64: 桐生勝巳 | G64: 6－65 | H64: 090-1604-7097 | I64: H31.4～ 菊池篤子ｱﾂｺR7(82)S18.1.2, 千鶴子,実咲
A65: =ROW()-2 -> 63 | B65: 1 | C65: 9 | D65: =IF(AND(B64=B65,C64=C65),D64+1,1) -> 8 | F65: 前田拓也 | G65: 6－65 | H65: 090-1698-7304 | I65: H31.4～,涼子,恵梨絵,茉莉恵
A66: =ROW()-2 -> 64 | B66: 1 | C66: 9 | D66: =IF(AND(B65=B66,C65=C66),D65+1,1) -> 9 | F66: 竹本久子 | G66: 6－65 | H66: 090-2426-5722 | I66: R5.8月入会 1954.1.6生 三角
A67: =ROW()-2 -> 65 | B67: 1 | C67: 10 | D67: =IF(AND(B65=B67,C65=C67),D65+1,1) -> 1 | F67: 須田昭 | G67: 6－3 | H67: 861－0046
A68: =ROW()-2 -> 66 | B68: 1 | C68: 10 | D68: =IF(AND(B67=B68,C67=C68),D67+1,1) -> 2 | F68: 福寿早苗 | G68: 6－6 | H68: 861－5768 | I68: 早苗R7(81)S19.1.2
A69: =ROW()-2 -> 67 | B69: 1 | C69: 10 | D69: =IF(AND(B68=B69,C68=C69),D68+1,1) -> 3 | F69: 小山米子 | G69: 6－6 | H69: 861－6556 | I69: 米子R7(86)S13.3.29
A70: =ROW()-2 -> 68 | B70: 1 | C70: 10 | D70: =IF(AND(B69=B70,C69=C70),D69+1,1) -> 4 | E70: ● | F70: 須田公子 | G70: 6－6 | H70: 861－4475 | I70: R4.評議員は「重光隆子」さん 090-5508-6158 公子R7(93)S7.3.18
A71: =ROW()-2 -> 69 | B71: 1 | C71: 10 | D71: =IF(AND(B70=B71,C70=C71),D70+1,1) -> 5 | F71: 牧野ビル | I71: R6.4月～※回覧不要（町内会費3,600円のみ）
A72: =ROW()-2 -> 70 | B72: 1 | C72: 10 | D72: =IF(AND(B71=B72,C71=C72),D71+1,1) -> 6 | F72: 井岡拓也 | G72: 6－6－5 | H72: 070-5601-3998 | I72: 拓也1993.7.20生 2026.1月加入
A73: =ROW()-2 -> 71 | B73: 1 | C73: 11 | D73: =IF(AND(B70=B73,C70=C73),D70+1,1) -> 1 | F73: 渡邊芳彦 | G73: 6－68-14 G2 | H73: 861－5160 | I73: 901号室 渡邊幾子ｲｸｺR7(89)S11.1.5
A74: =ROW()-2 -> 72 | B74: 1 | C74: 11 | D74: =IF(AND(B73=B74,C73=C74),D73+1,1) -> 2 | F74: 乾タヅ子 | G74: 6－68-14 G2 | H74: 861－6386 | I74: 902号室 タヅ子R7(79)S21.9.5
A75: =ROW()-2 -> 73 | B75: 1 | C75: 11 | D75: =IF(AND(B74=B75,C74=C75),D74+1,1) -> 3 | F75: 矢部謙三 | G75: 6－68-14 G2 | H75: 861－8012 | I75: 801号室 謙三R7(88)S12.9.1
A76: =ROW()-2 -> 74 | B76: 1 | C76: 11 | D76: =IF(AND(B75=B76,C75=C76),D75+1,1) -> 4 | F76: 千葉幸代 | G76: 6－68-14 G2 | H76: 861－8988 | I76: 802号室 ※祭礼寄付の意志なし
A77: =ROW()-2 -> 75 | B77: 1 | C77: 11 | D77: =IF(AND(B76=B77,C76=C77),D76+1,1) -> 5 | F77: 杉澤知美 | G77: 6－68-14 G2 | H77: 861－5071 | I77: 701号室（久貝⇒杉澤）090-1539-9137
A78: =ROW()-2 -> 76 | B78: 1 | C78: 11 | D78: =IF(AND(B77=B78,C77=C78),D77+1,1) -> 6 | F78: 伊藤健二 | G78: 6－68-14 G2 | I78: 702号室 明美S14.1.1
A79: =ROW()-2 -> 77 | B79: 1 | C79: 11 | D79: =IF(AND(B78=B79,C78=C79),D78+1,1) -> 7 | E79: ● | F79: 荒井照男 | G79: 6－68-14 G2 | H79: 046-848－5127 | I79: 703号室
A80: =ROW()-2 -> 78 | B80: 1 | C80: 11 | D80: =IF(AND(B79=B80,C79=C80),D79+1,1) -> 8 | F80: 佐々木宏子 | G80: 6－68-14 G2 | I80: 601号室
A81: =ROW()-2 -> 79 | B81: 1 | C81: 11 | D81: =IF(AND(B80=B81,C80=C81),D80+1,1) -> 9 | F81: 佐々木雅浩 | G81: 6－68-14 G2 | H81: 861－7531 | I81: 603号室 啓子、雅史,里菜
A82: =ROW()-2 -> 80 | B82: 1 | C82: 12 | D82: =IF(AND(B81=B82,C81=C82),D81+1,1) -> 1 | E82: ● | F82: 森良枝 | G82: 6－68-14 G2 | H82: 861－2322 | I82: 501号室 良枝S22.12.18
A83: =ROW()-2 -> 81 | B83: 1 | C83: 12 | D83: =IF(AND(B82=B83,C82=C83),D82+1,1) -> 2 | F83: 千葉満 | G83: 6－68-14 G2 | I83: 502号室
A84: =ROW()-2 -> 82 | B84: 1 | C84: 12 | D84: =IF(AND(B83=B84,C83=C84),D83+1,1) -> 3 | F84: 鎌田智士 | G84: 6－68-14 G2 | H84: 090-7416-4378 | I84: 503号室
A85: =ROW()-2 -> 83 | B85: 1 | C85: 12 | D85: =IF(AND(B84=B85,C84=C85),D84+1,1) -> 4 | F85: 古川孝一 | G85: 6－68-14 G2 | H85: 080-5694-8317 | I85: 504号室 R.7.3月加入 1964.8.20生
A86: =ROW()-2 -> 84 | B86: 1 | C86: 12 | D86: =IF(AND(B85=B86,C85=C86),D85+1,1) -> 5 | F86: 杉森正博 | G86: 6－68-14 G2 | H86: 861－1736 | I86: 401号室
A87: =ROW()-2 -> 85 | B87: 1 | C87: 12 | D87: =IF(AND(B86=B87,C86=C87),D86+1,1) -> 6 | F87: 山口明良 | G87: 6－68-14 G2 | H87: 861－4840 | I87: 402号室 評議員は「知佐子」さん？、珠未
A88: =ROW()-2 -> 86 | B88: 1 | C88: 12 | D88: =IF(AND(B87=B88,C87=C88),D87+1,1) -> 7 | F88: 齋藤耕平 | G88: 6－68-14 G2 | H88: 080-3414-7545 | I88: 403号室 知美(080-3525-1135)
A89: =ROW()-2 -> 87 | B89: 1 | C89: 12 | D89: =IF(AND(B88=B89,C88=C89),D88+1,1) -> 8 | F89: 小田切幸男 | G89: 6－68-14 G2 | I89: 404号室 幸男S23.12.23
A90: =ROW()-2 -> 88 | B90: 1 | C90: 12 | D90: =IF(AND(B89=B90,C89=C90),D89+1,1) -> 9 | F90: 矢畑進 | G90: 6－68-14 G2 | H90: 861－4220 | I90: 301号室 サチ子、真那斗
A91: =ROW()-2 -> 89 | B91: 1 | C91: 12 | D91: =IF(AND(B90=B91,C90=C91),D90+1,1) -> 10 | F91: 杉山 | G91: 6－68-14 G2 | I91: 302号室 姓のみでOK「正臣？政臣？」裕子,ひなた,瑛汰,敬汰
A92: =ROW()-2 -> 90 | B92: 1 | C92: 12 | D92: =IF(AND(B91=B92,C91=C92),D91+1,1) -> 11 | F92: 丸茂治彦 | G92: 6－68-14 G2 | H92: 861－8630 | I92: 303号室 R3.評議員は「安岐子」さん, 舜弥,瞭太
A93: =ROW()-2 -> 91 | B93: 1 | C93: 12 | D93: =IF(AND(B92=B93,C92=C93),D92+1,1) -> 12 | F93: 山岸靖子 | G93: 6－68-14 G2 | H93: 854－9148 | I93: 304号室
A94: =ROW()-2 -> 92 | B94: 1 | C94: 12 | D94: =IF(AND(B93=B94,C93=C94),D93+1,1) -> 13 | F94: 渡邉健志 | G94: 6－68-14 G2 | H94: 090-6633-4707 | I94: 201号室 妻「聖子」さん 2025.10月加入
A95: =ROW()-2 -> 93 | B95: 1 | C95: 12 | D95: =IF(AND(B94=B95,C94=C95),D94+1,1) -> 14 | F95: 高橋昭仁 | G95: 6－68-14 G2 | H95: 861－5004 | I95: 202号室 評議員は「由美子」さん
A96: =ROW()-2 -> 94 | B96: 1 | C96: 12 | D96: =IF(AND(B95=B96,C95=C96),D95+1,1) -> 15 | F96: 雨海正男 | G96: 6－68-14 G2 | H96: 861－8916 | I96: 203号室 雨海正男ｱﾏｶﾞｲﾏｻｵ
A97: =ROW()-2 -> 95 | B97: 1 | C97: 12 | D97: =IF(AND(B96=B97,C96=C97),D96+1,1) -> 16 | F97: 高橋博満 | G97: 6－68-14 G2 | H97: 861－5953 | I97: 204号室
A98: =ROW()-2 -> 96 | B98: 2 | C98: 1 | D98: =IF(AND(B97=B98,C97=C98),D97+1,1) -> 1 | F98: 森田眞由美 | G98: 6－7 | H98: 861－7670 | I98: 正子ﾏｻｺR7(92)S7.10.23-2025逝去
A99: =ROW()-2 -> 97 | B99: 2 | C99: 1 | D99: =IF(AND(B98=B99,C98=C99),D98+1,1) -> 2 | F99: 森田章裕 | G99: 6－10 | H99: 080-1057-0799 | I99: 評議員は「恵」(090-4525-3059)さん 裕翔, 柚芽
A100: =ROW()-2 -> 98 | B100: 2 | C100: 1 | D100: =IF(AND(B99=B100,C99=C100),D99+1,1) -> 3 | F100: 小澤正行 | G100: 6－8 | H100: 861－0783 | I100: 紀子R7(70以上)
...

Sheet 2026-0103
A1: 駒寄町内会 会員名簿 (2026年01月03日現在)
A2: 通番 | B2: 区 | C2: 班 | D2: No. | E2: 評議員 | F2: 氏名 ／ 屋号 | G2: 住所番地 | H2: 電 話 | I2: 備 考
A3: =ROW()-2 -> 1 | B3: 1 | C3: 1 | D3: =IF(AND(B2=B3,C2=C3),D2+1,1) -> 1 | F3: 中村芳朗 | G3: 6－1 | H3: 861－2770 | I3: 芳朗ﾖｼﾛｳ R7(75)
A4: =ROW()-2 -> 2 | B4: 1 | C4: 1 | D4: =IF(AND(B3=B4,C3=C4),D3+1,1) -> 2 | F4: 中村治子 | G4: 6－1 | H4: 861－2446 | I4: 治子ﾊﾙｺ R7(81)S19.8.24
A5: =ROW()-2 -> 3 | B5: 1 | C5: 1 | D5: =IF(AND(B4=B5,C4=C5),D4+1,1) -> 3 | F5: 松川正士 | G5: 6－1 | H5: 861－2384 | I5: 正士ﾏｻｼ R7(81)S19.3.31, 真美,妃由
A6: =ROW()-2 -> 4 | B6: 1 | C6: 1 | D6: =IF(AND(B5=B6,C5=C6),D5+1,1) -> 4 | F6: 和田薪 | G6: 6－1 | H6: 861－2481 | I6: セラヴィ 京子R7(79)S21.7.5
A7: =ROW()-2 -> 5 | B7: 1 | C7: 1 | D7: =IF(AND(B6=B7,C6=C7),D6+1,1) -> 5 | F7: 平井進 | G7: 6－2 | H7: 861－3291 | I7: 進 R7(77)S23.2.23
A8: =ROW()-2 -> 6 | B8: 1 | C8: 1 | D8: =IF(AND(B7=B8,C7=C8),D7+1,1) -> 6 | F8: 長谷川聰 | G8: 6－2 | I8: H29.4～ 聰ｻﾄｼ R7(83)S17.11.16
A9: =ROW()-2 -> 7 | B9: 1 | C9: 1 | D9: =IF(AND(B8=B9,C8=C9),D8+1,1) -> 7 | F9: 粟飯原功 | G9: 6－2 | H9: 861－4015 | I9: R7(77)S23.1.19
A10: =ROW()-2 -> 8 | B10: 1 | C10: 1 | D10: =IF(AND(B9=B10,C9=C10),D9+1,1) -> 8 | F10: 高橋正 | G10: 6－2 | H10: 861－0178 | I10: R3.評議員は「しのぶ」さん
A11: =ROW()-2 -> 9 | B11: 1 | C11: 1 | D11: =IF(AND(B10=B11,C10=C11),D10+1,1) -> 9 | E11: ● | F11: 林信行 | G11: 6－2 | H11: 090-3916-4588 | I11: H29.4～ 046-854-9786 同居佐藤たい子R7(93)S6.11.6
A12: =ROW()-2 -> 10 | B12: 1 | C12: 2 | D12: =IF(AND(B11=B12,C11=C12),D11+1,1) -> 1 | F12: 紺野建設 | G12: 6－69 | H12: 861－3180
A13: =ROW()-2 -> 11 | B13: 1 | C13: 2 | D13: =IF(AND(B12=B13,C12=C13),D12+1,1) -> 2 | F13: 遠山悦子 | G13: 6－68 | H13: 861－3815 | I13: R5.美代子さん逝去
A14: =ROW()-2 -> 12 | B14: 1 | C14: 2 | D14: =IF(AND(B13=B14,C13=C14),D13+1,1) -> 3 | F14: 高瀬一 | G14: 6－69 | H14: 861－0509 | I14: 一ﾊｼﾞﾒR7(76)S23.9.22、幸子(80)S20.7.11、徹(?)
A15: =ROW()-2 -> 13 | B15: 1 | C15: 2 | D15: =IF(AND(B14=B15,C14=C15),D14+1,1) -> 4 | E15: ● | F15: 齋藤勇 | G15: 6－68 | H15: 861－3823 | I15: 勇R7(79)S21.8.4、ヨシ子(93)S6.1.2
A16: =ROW()-2 -> 14 | B16: 1 | C16: 2 | D16: =IF(AND(B15=B16,C15=C16),D15+1,1) -> 5 | F16: 鍋田益男 | G16: 6－68片山303 | H16: 861－5959 | I16: 益男(88)S11.1.24、久枝(86)S14.2.16
A17: =ROW()-2 -> 15 | B17: 1 | C17: 2 | D17: =IF(AND(B16=B17,C16=C17),D16+1,1) -> 6 | F17: マミークリーニング | G17: 6－68 | H17: 861－1220
A18: =ROW()-2 -> 16 | B18: 1 | C18: 2 | D18: =IF(AND(B17=B18,C17=C18),D17+1,1) -> 7 | F18: 佐藤清 | G18: 6－69 | H18: 861－6235 | I18: H29.4～
A19: =ROW()-2 -> 17 | B19: 1 | C19: 2 | D19: =IF(AND(B18=B19,C18=C19),D18+1,1) -> 8 | F19: 戸村則登 | G19: 6－68-19 | H19: 090-6346-9518 | I19: R7.6月加入、S33.7.29生
A20: =ROW()-2 -> 18 | B20: 1 | C20: 2 | D20: =IF(AND(B19=B20,C19=C20),D19+1,1) -> 9 | F20: 渡辺さん
A21: =ROW()-2 -> 19 | B21: 1 | C21: 3 | D21: =IF(AND(B18=B21,C18=C21),D18+1,1) -> 1 | E21: ● | F21: 佐久間明 | G21: 6－69 | H21: 861－3753 | I21: 明R7(75)、満貴子ﾏｷｺ(?),均(090-9305-5987)梢(080-5078-6336),光,匠,楓
A22: =ROW()-2 -> 20 | B22: 1 | C22: 3 | D22: =IF(AND(B21=B22,C21=C22),D21+1,1) -> 2 | F22: 鳥居スミヱ | G22: 6－77 | H22: 861－4993 | I22: 評議員は鳥居知加代 スミヱ(93)S7.5.31
A23: =ROW()-2 -> 21 | B23: 1 | C23: 3 | D23: =IF(AND(B22=B23,C22=C23),D22+1,1) -> 3 | F23: 渋江康弘 | G23: 6－77 | H23: 897－7032 | I23: 康弘ﾔｽﾋﾛR7(82)S18.8.18、秀子ﾋﾃﾞｺ(78)S22.1.22
A24: =ROW()-2 -> 22 | B24: 1 | C24: 3 | D24: =IF(AND(B23=B24,C23=C24),D23+1,1) -> 4 | F24: 石岡明憲 | G24: 6－77 | H24: 861－0925
A25: =ROW()-2 -> 23 | B25: 1 | C25: 3 | D25: =IF(AND(B24=B25,C24=C25),D24+1,1) -> 5 | F25: 中華料理成都 | G25: 6－77 | H25: 861－8060 | I25: 松本秀雄
A26: =ROW()-2 -> 24 | B26: 1 | C26: 3 | D26: =IF(AND(B25=B26,C25=C26),D25+1,1) -> 6 | F26: 武藤親弘 | G26: 6－76-4 | H26: 861－5829 | I26: 慎一R7(78)S22.4.25 親弘(090-7225-8149)敏恵,慎太郎,光次郎
A27: =ROW()-2 -> 25 | B27: 1 | C27: 3 | D27: =IF(AND(B26=B27,C26=C27),D26+1,1) -> 7 | F27: 串一 | G27: 6－77 | H27: 861－2733 | I27: 中村太一
A28: =ROW()-2 -> 26 | B28: 1 | C28: 3 | D28: =IF(AND(B27=B28,C27=C28),D27+1,1) -> 8 | F28: AJITO中村みどり | G28: 6－77 | H28: 887－0676 | I28: 中村修一R7(77)S23.10.15
A29: =ROW()-2 -> 27 | B29: 1 | C29: 4 | D29: =IF(AND(B28=B29,C28=C29),D28+1,1) -> 1 | F29: 澤登武文 | G29: 6－75 | H29: 861－4214 | I29: R4 弘志さん逝去
A30: =ROW()-2 -> 28 | B30: 1 | C30: 4 | D30: =IF(AND(B29=B30,C29=C30),D29+1,1) -> 2 | E30: ● | F30: 秋山芳美 | G30: 6－74 | H30: 861－7234
A31: =ROW()-2 -> 29 | B31: 1 | C31: 4 | D31: =IF(AND(B30=B31,C30=C31),D30+1,1) -> 3 | F31: 櫻井治 | G31: 6－74 | H31: 861－2490 | I31: 治ｵｻﾑR7(76)S24.2.2・美保子ﾐﾎｺ(76)S24.11.4
A32: =ROW()-2 -> 30 | B32: 1 | C32: 4 | D32: =IF(AND(B31=B32,C31=C32),D31+1,1) -> 4 | F32: 松永彰 | G32: 6－74 | H32: 861－2132 | I32: プレミール 彰ｱｷﾗR7(75)、正子(?)
A33: =ROW()-2 -> 31 | B33: 1 | C33: 4 | D33: =IF(AND(B32=B33,C32=C33),D32+1,1) -> 5 | F33: 橋本勇 | G33: 6－74 | H33: 861－2905 | I33: 勇ｲｻﾑR7(80)S20.5.18・愛子(79)S21.8.9
A34: =ROW()-2 -> 32 | B34: 1 | C34: 4 | D34: =IF(AND(B33=B34,C33=C34),D33+1,1) -> 6 | F34: 瀧下なつみ | G34: 6－75 | H34: 080-5417-6576 | I34: R1.4〜スズサンマンション302, 礼
A35: =ROW()-2 -> 33 | B35: 1 | C35: 5 | D35: =IF(AND(B34=B35,C34=C35),D34+1,1) -> 1 | E35: ● | F35: 鈴木洋一 | G35: 6－66－４ G3 | H35: 090-8506-2232 | I35: 102号室（861-8656 or 4686）評議員は宣子,理沙,玲奈
A36: =ROW()-2 -> 34 | B36: 1 | C36: 5 | D36: =IF(AND(B35=B36,C35=C36),D35+1,1) -> 2 | F36: 首藤睦 | G36: 6－66－４ G3 | H36: 861－9056 | I36: 203号室
A37: =ROW()-2 -> 35 | B37: 1 | C37: 5 | D37: =IF(AND(B36=B37,C36=C37),D36+1,1) -> 3 | F37: 大野誠治 | G37: 6－66－４ G3 | H37: 861－8652 | I37: 403号室 優李亜
A38: =ROW()-2 -> 36 | B38: 1 | C38: 6 | D38: =IF(AND(B37=B38,C37=C38),D37+1,1) -> 1 | F38: 青山啓二 | G38: 6－66 | H38: 861－3697 | I38: 順子ｼﾞｭﾝｺR7(75)
A39: =ROW()-2 -> 37 | B39: 1 | C39: 6 | D39: =IF(AND(B38=B39,C38=C39),D38+1,1) -> 2 | F39: 西田善隆 | G39: 6－70 | H39: 861－6352
A40: =ROW()-2 -> 38 | B40: 1 | C40: 6 | D40: =IF(AND(B39=B40,C39=C40),D39+1,1) -> 3 | F40: 渡戸正志 | G40: 6－70 | H40: 861－8128 | I40: 渡戸正志ﾜﾀﾄﾞﾏｻｼR7(78)S22.7.1、清美(?)
A41: =ROW()-2 -> 39 | B41: 1 | C41: 6 | D41: =IF(AND(B40=B41,C40=C41),D40+1,1) -> 4 | F41: 冨田剛 | G41: 6-63-27 | H41: 090-7828-7469 | I41: H31.1-, 綾乃,鈴,昇
A42: =ROW()-2 -> 40 | B42: 1 | C42: 6 | D42: =IF(AND(B41=B42,C41=C42),D41+1,1) -> 5 | E42: ● | F42: 堀井広樹 | G42: 6-63-7 | H42: 090-3406-1011 | I42: R1.5〜
A43: =ROW()-2 -> 41 | B43: 1 | C43: 6 | D43: =IF(AND(B42=B43,C42=C43),D42+1,1) -> 6 | F43: 菊池崇広 | G43: 6-47-54 | H43: 090-8585-0686 | I43: R7.2加入〜 ﾀｶﾋﾛ(1993.10.4生)
A44: =ROW()-2 -> 42 | B44: 1 | C44: 6 | D44: =IF(AND(B43=B44,C43=C44),D43+1,1) -> 7 | F44: 冨松良紀 | G44: 6-47-28 | H44: 090-4537-8236 | I44: R7.4加入 1998.5月生（橘鷹さん孫）愛海,ひまり
A45: =ROW()-2 -> 43 | B45: 1 | C45: 7 | D45: =IF(AND(B42=B45,C42=C45),D42+1,1) -> 1 | E45: ● | F45: 山合行之 | G45: 6－70 | H45: 861－8640 | I45: 行之ｺｳｼ、博美ﾋﾛﾐ
A46: =ROW()-2 -> 44 | B46: 1 | C46: 7 | D46: =IF(AND(B45=B46,C45=C46),D45+1,1) -> 2 | F46: 鈴木啓次 | G46: 6－70 | H46: 861－6138
A47: =ROW()-2 -> 45 | B47: 1 | C47: 7 | D47: =IF(AND(B46=B47,C46=C47),D46+1,1) -> 3 | F47: 宮野正子 | G47: 6－62 | H47: 861－4059 | I47: 評議員は「道子」さん？
A48: =ROW()-2 -> 46 | B48: 1 | C48: 7 | D48: =IF(AND(B47=B48,C47=C48),D47+1,1) -> 4 | F48: 小野怜子 | G48: 6－62 | H48: 861－2375 | I48: 怜子R7(80)S20.3.10
A49: =ROW()-2 -> 47 | B49: 1 | C49: 7 | D49: =IF(AND(B48=B49,C48=C49),D48+1,1) -> 5 | F49: 中村未紀 | G49: 6－70 | H49: 090-7227-0266 | I49: R3.12月加入//S43.4.23生「未紀？未妃？」
A50: =ROW()-2 -> 48 | B50: 1 | C50: 8 | D50: =IF(AND(B49=B50,C49=C50),D49+1,1) -> 1 | F50: 齋藤良一 | G50: 6－67 | H50: 861－4325 | I50: R3.評議員は「智子」さん 良一R7(75)
A51: =ROW()-2 -> 49 | B51: 1 | C51: 8 | D51: =IF(AND(B50=B51,C50=C51),D50+1,1) -> 2 | F51: 齋藤和枝 | G51: 6－67 | H51: 861－1010 | I51: H29.4～ 和枝(80)S20.4.17・礼子(77)S23.1.22
A52: =ROW()-2 -> 50 | B52: 1 | C52: 8 | D52: =IF(AND(B51=B52,C51=C52),D51+1,1) -> 3 | E52: ● | F52: 溝口美代子 | G52: 6－66 | H52: 861－3965 | I52: 美代子R7(79)S21.12.13
A53: =ROW()-2 -> 51 | B53: 1 | C53: 8 | D53: =IF(AND(B52=B53,C52=C53),D52+1,1) -> 4 | F53: 宮川正子 | G53: 6－65 | H53: 861－0881 | I53: 正子ﾏｻｺR7(77)S22.7.15
A54: =ROW()-2 -> 52 | B54: 1 | C54: 8 | D54: =IF(AND(B53=B54,C53=C54),D53+1,1) -> 5 | F54: 佐々木由香里 | G54: 6－65 | H54: 070-1226-1130 | I54: 梨々華,藍來
A55: =ROW()-2 -> 53 | B55: 1 | C55: 8 | D55: =IF(AND(B54=B55,C54=C55),D54+1,1) -> 6 | F55: 橘鷹裕介 | G55: 6－63－10 | H55: 861－2969 | I55: 評議員は「節子」さん 節子R7(76)S24.2.27、在彩
A56: =ROW()-2 -> 54 | B56: 1 | C56: 8 | D56: =IF(AND(B55=B56,C55=C56),D55+1,1) -> 7 | F56: 玉田義輝 | G56: 6－63 | H56: 090-8778-2829 | I56: 評議員は「優子」さん, 輝優,哲輝
A57: =ROW()-2 -> 55 | B57: 1 | C57: 9 | D57: =IF(AND(B56=B57,C56=C57),D56+1,1) -> 1 | E57: ● | F57: 金子勲 | G57: 6－63 | H57: 861－3586 | I57: 評議員は「尚子」さん 勲R7(91)S9.1.10
A58: =ROW()-2 -> 56 | B58: 1 | C58: 9 | D58: =IF(AND(B57=B58,C57=C58),D57+1,1) -> 2 | F58: 松本弘子 | G58: 6－63 | H58: 861－4055 | I58: 評議員は妹の：加瀬和子S24.1.28 ※祭礼寄付は加瀬さん
A59: =ROW()-2 -> 57 | B59: 1 | C59: 9 | D59: =IF(AND(B58=B59,C58=C59),D58+1,1) -> 3 | F59: 関口香奈 | G59: 6－63 | H59: 861－0304 | I59: 桑名須美枝 関口：090-6047-4874
A60: =ROW()-2 -> 58 | B60: 1 | C60: 9 | D60: =IF(AND(B59=B60,C59=C60),D59+1,1) -> 4 | F60: 藤田範男 | G60: 6－64 | H60: 861－4047 | I60: ユキエR7(94)S6.7.28-2025逝去
A61: =ROW()-2 -> 59 | B61: 1 | C61: 9 | D61: =IF(AND(B60=B61,C60=C61),D60+1,1) -> 5 | F61: 前田清孝 | G61: 6－64 | H61: 861－6619
A62: =ROW()-2 -> 60 | B62: 1 | C62: 9 | D62: =IF(AND(B61=B62,C61=C62),D61+1,1) -> 6 | F62: 高島秀夫 | G62: 6－64 | H62: 861－8908 | I62: 佳子ｹｲｺ
A63: =ROW()-2 -> 61 | B63: 1 | C63: 9 | D63: =IF(AND(B62=B63,C62=C63),D62+1,1) -> 7 | F63: 桐生勝巳 | G63: 6－65 | H63: 090-1604-7097 | I63: H31.4～ 菊池篤子ｱﾂｺR7(82)S18.1.2, 千鶴子,実咲
A64: =ROW()-2 -> 62 | B64: 1 | C64: 9 | D64: =IF(AND(B63=B64,C63=C64),D63+1,1) -> 8 | F64: 前田拓也 | G64: 6－65 | H64: 090-1698-7304 | I64: H31.4～,涼子,恵梨絵,茉莉恵
A65: =ROW()-2 -> 63 | B65: 1 | C65: 9 | D65: =IF(AND(B64=B65,C64=C65),D64+1,1) -> 9 | F65: 竹本久子 | G65: 6－65 | H65: 090-2426-5722 | I65: R5.8月入会 1954.1.6生 三角
A66: =ROW()-2 -> 64 | B66: 1 | C66: 10 | D66: =IF(AND(B64=B66,C64=C66),D64+1,1) -> 1 | F66: 須田昭 | G66: 6－3 | H66: 861－0046
A67: =ROW()-2 -> 65 | B67: 1 | C67: 10 | D67: =IF(AND(B66=B67,C66=C67),D66+1,1) -> 2 | F67: 福寿早苗 | G67: 6－6 | H67: 861－5768 | I67: 早苗R7(81)S19.1.2
A68: =ROW()-2 -> 66 | B68: 1 | C68: 10 | D68: =IF(AND(B67=B68,C67=C68),D67+1,1) -> 3 | F68: 小山米子 | G68: 6－6 | H68: 861－6556 | I68: 米子R7(86)S13.3.29
A69: =ROW()-2 -> 67 | B69: 1 | C69: 10 | D69: =IF(AND(B68=B69,C68=C69),D68+1,1) -> 4 | E69: ● | F69: 須田公子 | G69: 6－6 | H69: 861－4475 | I69: R4.評議員は「重光隆子」さん 090-5508-6158 公子R7(93)S7.3.18
A70: =ROW()-2 -> 68 | B70: 1 | C70: 10 | D70: =IF(AND(B69=B70,C69=C70),D69+1,1) -> 5 | F70: 牧野ビル | I70: R6.4月～※回覧不要（町内会費3,600円のみ）
A71: =ROW()-2 -> 69 | B71: 1 | C71: 10 | D71: =IF(AND(B70=B71,C70=C71),D70+1,1) -> 6 | F71: 井岡さん
A72: =ROW()-2 -> 70 | B72: 1 | C72: 11 | D72: =IF(AND(B69=B72,C69=C72),D69+1,1) -> 1 | F72: 渡邊芳彦 | G72: 6－68-14 G2 | H72: 861－5160 | I72: 901号室 渡邊幾子ｲｸｺR7(89)S11.1.5
A73: =ROW()-2 -> 71 | B73: 1 | C73: 11 | D73: =IF(AND(B72=B73,C72=C73),D72+1,1) -> 2 | F73: 乾タヅ子 | G73: 6－68-14 G2 | H73: 861－6386 | I73: 902号室 タヅ子R7(79)S21.9.5
A74: =ROW()-2 -> 72 | B74: 1 | C74: 11 | D74: =IF(AND(B73=B74,C73=C74),D73+1,1) -> 3 | F74: 矢部謙三 | G74: 6－68-14 G2 | H74: 861－8012 | I74: 801号室 謙三R7(88)S12.9.1
A75: =ROW()-2 -> 73 | B75: 1 | C75: 11 | D75: =IF(AND(B74=B75,C74=C75),D74+1,1) -> 4 | F75: 千葉幸代 | G75: 6－68-14 G2 | H75: 861－8988 | I75: 802号室 ※祭礼寄付の意志なし
A76: =ROW()-2 -> 74 | B76: 1 | C76: 11 | D76: =IF(AND(B75=B76,C75=C76),D75+1,1) -> 5 | F76: 杉澤知美 | G76: 6－68-14 G2 | H76: 861－5071 | I76: 701号室（久貝⇒杉澤）090-1539-9137
A77: =ROW()-2 -> 75 | B77: 1 | C77: 11 | D77: =IF(AND(B76=B77,C76=C77),D76+1,1) -> 6 | F77: 伊藤健二 | G77: 6－68-14 G2 | I77: 702号室 明美S14.1.1
A78: =ROW()-2 -> 76 | B78: 1 | C78: 11 | D78: =IF(AND(B77=B78,C77=C78),D77+1,1) -> 7 | E78: ● | F78: 荒井照男 | G78: 6－68-14 G2 | H78: 046-848－5127 | I78: 703号室
A79: =ROW()-2 -> 77 | B79: 1 | C79: 11 | D79: =IF(AND(B78=B79,C78=C79),D78+1,1) -> 8 | F79: 佐々木宏子 | G79: 6－68-14 G2 | I79: 601号室
A80: =ROW()-2 -> 78 | B80: 1 | C80: 11 | D80: =IF(AND(B79=B80,C79=C80),D79+1,1) -> 9 | F80: 佐々木雅浩 | G80: 6－68-14 G2 | H80: 861－7531 | I80: 603号室 啓子、雅史,里菜
A81: =ROW()-2 -> 79 | B81: 1 | C81: 12 | D81: =IF(AND(B80=B81,C80=C81),D80+1,1) -> 1 | E81: ● | F81: 森良枝 | G81: 6－68-14 G2 | H81: 861－2322 | I81: 501号室 良枝S22.12.18
A82: =ROW()-2 -> 80 | B82: 1 | C82: 12 | D82: =IF(AND(B81=B82,C81=C82),D81+1,1) -> 2 | F82: 千葉満 | G82: 6－68-14 G2 | I82: 502号室
A83: =ROW()-2 -> 81 | B83: 1 | C83: 12 | D83: =IF(AND(B82=B83,C82=C83),D82+1,1) -> 3 | F83: 鎌田智士 | G83: 6－68-14 G2 | H83: 090-7416-4378 | I83: 503号室
A84: =ROW()-2 -> 82 | B84: 1 | C84: 12 | D84: =IF(AND(B83=B84,C83=C84),D83+1,1) -> 4 | F84: 古川孝一 | G84: 6－68-14 G2 | H84: 080-5694-8317 | I84: 504号室 R.7.3月加入 1964.8.20生
A85: =ROW()-2 -> 83 | B85: 1 | C85: 12 | D85: =IF(AND(B84=B85,C84=C85),D84+1,1) -> 5 | F85: 杉森正博 | G85: 6－68-14 G2 | H85: 861－1736 | I85: 401号室
A86: =ROW()-2 -> 84 | B86: 1 | C86: 12 | D86: =IF(AND(B85=B86,C85=C86),D85+1,1) -> 6 | F86: 山口明良 | G86: 6－68-14 G2 | H86: 861－4840 | I86: 402号室 評議員は「知佐子」さん？、珠未
A87: =ROW()-2 -> 85 | B87: 1 | C87: 12 | D87: =IF(AND(B86=B87,C86=C87),D86+1,1) -> 7 | F87: 齋藤耕平 | G87: 6－68-14 G2 | H87: 080-3414-7545 | I87: 403号室 知美(080-3525-1135)
A88: =ROW()-2 -> 86 | B88: 1 | C88: 12 | D88: =IF(AND(B87=B88,C87=C88),D87+1,1) -> 8 | F88: 小田切幸男 | G88: 6－68-14 G2 | I88: 404号室 幸男S23.12.23
A89: =ROW()-2 -> 87 | B89: 1 | C89: 12 | D89: =IF(AND(B88=B89,C88=C89),D88+1,1) -> 9 | F89: 矢畑進 | G89: 6－68-14 G2 | H89: 861－4220 | I89: 301号室 サチ子、真那斗
A90: =ROW()-2 -> 88 | B90: 1 | C90: 12 | D90: =IF(AND(B89=B90,C89=C90),D89+1,1) -> 10 | F90: 杉山 | G90: 6－68-14 G2 | I90: 302号室 姓のみでOK「正臣？政臣？」裕子,ひなた,瑛汰,敬汰
A91: =ROW()-2 -> 89 | B91: 1 | C91: 12 | D91: =IF(AND(B90=B91,C90=C91),D90+1,1) -> 11 | F91: 丸茂治彦 | G91: 6－68-14 G2 | H91: 861－8630 | I91: 303号室 R3.評議員は「安岐子」さん, 舜弥,瞭太
A92: =ROW()-2 -> 90 | B92: 1 | C92: 12 | D92: =IF(AND(B91=B92,C91=C92),D91+1,1) -> 12 | F92: 山岸靖子 | G92: 6－68-14 G2 | H92: 854－9148 | I92: 304号室
A93: =ROW()-2 -> 91 | B93: 1 | C93: 12 | D93: =IF(AND(B92=B93,C92=C93),D92+1,1) -> 13 | F93: 渡邉健志 | G93: 6－68-14 G2 | H93: 090-6633-4707 | I93: 201号室 妻「聖子」さん 2025.10月加入
A94: =ROW()-2 -> 92 | B94: 1 | C94: 12 | D94: =IF(AND(B93=B94,C93=C94),D93+1,1) -> 14 | F94: 高橋昭仁 | G94: 6－68-14 G2 | H94: 861－5004 | I94: 202号室 評議員は「由美子」さん
A95: =ROW()-2 -> 93 | B95: 1 | C95: 12 | D95: =IF(AND(B94=B95,C94=C95),D94+1,1) -> 15 | F95: 雨海正男 | G95: 6－68-14 G2 | H95: 861－8916 | I95: 203号室 雨海正男ｱﾏｶﾞｲﾏｻｵ
A96: =ROW()-2 -> 94 | B96: 1 | C96: 12 | D96: =IF(AND(B95=B96,C95=C96),D95+1,1) -> 16 | F96: 高橋博満 | G96: 6－68-14 G2 | H96: 861－5953 | I96: 204号室
A97: =ROW()-2 -> 95 | B97: 2 | C97: 1 | D97: =IF(AND(B96=B97,C96=C97),D96+1,1) -> 1 | F97: 森田眞由美 | G97: 6－7 | H97: 861－7670 | I97: 正子ﾏｻｺR7(92)S7.10.23-2025逝去
A98: =ROW()-2 -> 96 | B98: 2 | C98: 1 | D98: =IF(AND(B97=B98,C97=C98),D97+1,1) -> 2 | F98: 森田章裕 | G98: 6－10 | H98: 080-1057-0799 | I98: 評議員は「恵」(090-4525-3059)さん 裕翔, 柚芽
A99: =ROW()-2 -> 97 | B99: 2 | C99: 1 | D99: =IF(AND(B98=B99,C98=C99),D98+1,1) -> 3 | F99: 小澤正行 | G99: 6－8 | H99: 861－0783 | I99: 紀子R7(70以上)
A100: =ROW()-2 -> 98 | B100: 2 | C100: 1 | D100: =IF(AND(B99=B100,C99=C100),D99+1,1) -> 4 | F100: 福島紀一 | G100: 6－10 | H100: 891－7351 | I100: 評議員は「玲子」さん 紀一R7(77)S23.2.11・玲子(76)S24.3.18
...
