Workbook

Sheet マスター
A1: {=MID(CELL("filename",A1),FIND("]",CELL("filename",A1))+1,255)} -> マスター | C1: Ｒ７年度 敬老祝い品 受取り対象者 聞き取り票 | F1: 合計： | G1: =G2+G3 -> 96
A2: No. | B2: 世帯代表者 | C2: 対象者氏名（現在のご年齢） | E2: 備考 | F2: １区： | G2: =SUM('１区１班:１区12班'!F1) -> 38
A3: 0 | B3: 駒寄太郎（例➡） | C3: 対象者 ☑あり □なし | D3: 駒寄次郎(76)、花子(74) | E3: □受取り辞退・理由等 ☑その他 花子：11月で満75才 | F3: ２区： | G3: =SUM('２区１班:２区12班'!F1) -> 58
A4: 1 | C4: 対象者 □あり □なし | E4: □受取り辞退・理由等 □その他
A5: 2 | C5: 対象者 □あり □なし | E5: □受取り辞退・理由等 □その他
A6: 3 | C6: 対象者 □あり □なし | E6: □受取り辞退・理由等 □その他
A7: 4 | C7: 対象者 □あり □なし | E7: □受取り辞退・理由等 □その他
A8: 5 | C8: 対象者 □あり □なし | E8: □受取り辞退・理由等 □その他
A9: 6 | C9: 対象者 □あり □なし | E9: □受取り辞退・理由等 □その他
A10: 7 | C10: 対象者 □あり □なし | E10: □受取り辞退・理由等 □その他
A11: 8 | C11: 対象者 □あり □なし | E11: □受取り辞退・理由等 □その他
A12: 9 | C12: 対象者 □あり □なし | E12: □受取り辞退・理由等 □その他
A13: 10 | C13: 対象者 □あり □なし | E13: □受取り辞退・理由等 □その他
A14: 11 | C14: 対象者 □あり □なし | E14: □受取り辞退・理由等 □その他
A15: 12 | C15: 対象者 □あり □なし | E15: □受取り辞退・理由等 □その他
... A19: 16 | C19: 対象者 □あり □なし | E19: □受取り辞退・理由等 □その他
A21: ＊ | B21: 評議員さんへのお願い
B22: 所属班の各世帯から聞き取った内容を本用紙に記入し、９月７日の定例会に必ずご持参ください。
A24: ＊ | B24: 敬老祝い品 受取り対象者は、下記①～③を満たす方です。
B25: ① 駒寄町内会会員であること（世帯代表者および同一生計者）
B26: 病院長期入院、ホーム長期入居者は対象外となります。
B27: ② 1950年（昭和25年）12月31日以前生れの方（2025年12月31日時点で75歳以上の方）
B28: ③ 敬老の日（9月15日午前中）祝い品（お赤飯を）お受け取り可能な方
B29: お赤飯は食品につき、当日受け取り可能な方のみを対象とさせていただきます。

Sheet １区１班
A1: {=MID(CELL("filename",A1),FIND("]",CELL("filename",A1))+1,255)} -> １区１班 | C1: Ｒ８年度 敬老祝い品 受取り対象者 聞き取り票 | F1: 8
A2: No. | B2: 世帯代表者 | C2: 対象者氏名（現在のご年齢） | E2: 備考
A3: 0 | B3: 駒寄太郎（例➡） | C3: 対象者 ☑あり □なし | D3: 駒寄次郎(76)、花子(74) ※花子：11月で満75才 | E3: □受取り辞退・理由等 ☑その他 留守のときは○○宅に預けてください
A4: 1 | B4: 中村芳朗 | C4: 対象者 ■あり □なし | D4: 中村芳朗 | E4: □受取り辞退・理由等 □その他
A5: 2 | B5: 中村治子 | C5: 対象者 ■あり □なし | D5: 中村治子 | E5: □受取り辞退・理由等 □その他
A6: 3 | B6: 松川正士 | C6: 対象者 ■あり □なし | D6: 松川正士 | E6: □受取り辞退・理由等 □その他
A7: 4 | B7: 和田薪 | C7: 対象者 ■あり □なし | D7: 和田京子（行政名簿外） | E7: □受取り辞退・理由等 □その他
A8: 5 | B8: 平井進 | C8: 対象者 ■あり □なし | D8: 平井進 | E8: □受取り辞退・理由等 □その他
A9: 6 | B9: 長谷川聡 | C9: 対象者 ■あり □なし | D9: 長谷川聡 | E9: □受取り辞退・理由等 □その他
A10: 7 | B10: 粟飯原功 | C10: 対象者 ■あり □なし | D10: 粟飯原功 | E10: □受取り辞退・理由等 □その他
A11: 8 | B11: 高橋正 | C11: 対象者 □あり □なし | E11: □受取り辞退・理由等 □その他
A12: 9 | B12: 林信行 | C12: 対象者 ■あり □なし | D12: 佐藤たい子 | E12: □受取り辞退・理由等 □その他
A13: 10 | B13: 町田恵資 | C13: 対象者 □あり □なし | E13: □受取り辞退・理由等 □その他
A14: 11 | B14: 平野洋一 | C14: 対象者 □あり □なし | E14: □受取り辞退・理由等 □その他
A15: 12 | C15: 対象者 □あり □なし | E15: □受取り辞退・理由等 □その他
A16: 13 | C16: 対象者 □あり □なし | E16: □受取り辞退・理由等 □その他
A17: 14 | C17: 対象者 □あり □なし | E17: □受取り辞退・理由等 □その他
A18: 15 | C18: 対象者 □あり □なし | E18: □受取り辞退・理由等 □その他
A19: 16 | C19: 対象者 □あり □なし | E19: □受取り辞退・理由等 □その他
A21: ＊ | B21: 評議員さんへのお願い
B22: 所属班の各世帯から聞き取った内容を本用紙に記入し、９月６日の定例会に必ずご持参ください。
B23: ※既に対象者氏名が印刷されている方については年齢の記入不要です。
A25: ＊ | B25: 敬老祝い品 受取り対象者は、下記①～③を満たす方です。
B26: ① 駒寄町内会会員であること（世帯代表者および同一生計者）
B27: ※長期入院、ホーム長期入居者は対象外となります。
B28: ② 昭和26年（1951年）12月31日以前生れの方（2026年12月31日時点で75歳以上の方）
B29: ③ 敬老の日（9月21日午前中）祝い品（お赤飯を）お受け取り可能な方
B30: ※お赤飯は食品につき、当日受け取り可能な方のみを対象とさせていただきます。

Sheet １区２班
A1: {=MID(CELL("filename",A1),FIND("]",CELL("filename",A1))+1,255)} -> １区２班 | C1: ='１区１班'!C1 -> Ｒ８年度 敬老祝い品 受取り対象者 聞き取り票 | F1: 3
A2: No. | B2: 世帯代表者 | C2: 対象者氏名（現在のご年齢） | E2: 備考
A3: 0 | B3: 駒寄太郎（例➡） | C3: 対象者 ☑あり □なし | D3: 駒寄次郎(76)、花子(74) ※花子：11月で満75才 | E3: □受取り辞退・理由等 ☑その他 留守のときは○○宅に預けてください
A4: 1 | B4: 紺野建設 | C4: 対象者 □あり □なし | E4: □受取り辞退・理由等 □その他
A5: 2 | B5: 遠山悦子 | C5: 対象者 □あり □なし | E5: □受取り辞退・理由等 □その他
A6: 3 | B6: 高瀬一 | C6: 対象者 ■あり □なし | D6: 高瀬一 高瀬幸子 | E6: □受取り辞退・理由等 □その他
A7: 4 | B7: 齋藤勇 | C7: 対象者 ■あり □なし | D7: 齋藤勇 | E7: □受取り辞退・理由等 □その他
A8: 5 | B8: 鍋田益男 | C8: 対象者 □あり ■なし | D8: 鍋田益男（行政名簿外） 鍋田久枝 | E8: □受取り辞退・理由等 ■その他
A9: 6 | B9: マミークリーニング | C9: 対象者 □あり □なし | E9: □受取り辞退・理由等 □その他
A10: 7 | B10: 佐藤清 | C10: 対象者 □あり □なし | E10: □受取り辞退・理由等 □その他
A11: 8 | B11: 戸村則登 | C11: 対象者 □あり □なし | E11: □受取り辞退・理由等 □その他
A12: 9 | B12: 渡邊秀一 | C12: 対象者 □あり □なし | E12: □受取り辞退・理由等 □その他
A13: 10 | C13: 対象者 □あり □なし | E13: □受取り辞退・理由等 □その他
A14: 11 | C14: 対象者 □あり □なし | E14: □受取り辞退・理由等 □その他
A15: 12 | C15: 対象者 □あり □なし | E15: □受取り辞退・理由等 □その他
A16: 13 | C16: 対象者 □あり □なし | E16: □受取り辞退・理由等 □その他
A17: 14 | C17: 対象者 □あり □なし | E17: □受取り辞退・理由等 □その他
A18: 15 | C18: 対象者 □あり □なし | E18: □受取り辞退・理由等 □その他
A19: 16 | C19: 対象者 □あり □なし | E19: □受取り辞退・理由等 □その他
A21: ＊ | B21: 評議員さんへのお願い
B22: ='１区１班'!B22 -> 所属班の各世帯から聞き取った内容を本用紙に記入し、９月６日の定例会に必ずご持参ください。
B23: ='１区１班'!B23 -> ※既に対象者氏名が印刷されている方については年齢の記入不要です。
A25: ＊ | B25: 敬老祝い品 受取り対象者は、下記①～③を満たす方です。
B26: ='１区１班'!B26 -> ① 駒寄町内会会員であること（世帯代表者および同一生計者）
B27: ='１区１班'!B27 -> ※長期入院、ホーム長期入居者は対象外となります。
B28: ='１区１班'!B28 -> ② 昭和26年（1951年）12月31日以前生れの方（2026年12月31日時点で75歳以上の方）
B29: ='１区１班'!B29 -> ③ 敬老の日（9月21日午前中）祝い品（お赤飯を）お受け取り可能な方
B30: ='１区１班'!B30 -> ※お赤飯は食品につき、当日受け取り可能な方のみを対象とさせていただきます。

Sheet １区３班
A1: {=MID(CELL("filename",A1),FIND("]",CELL("filename",A1))+1,255)} -> １区３班 | C1: ='１区１班'!C1 -> Ｒ８年度 敬老祝い品 受取り対象者 聞き取り票 | F1: 5
A2: No. | B2: 世帯代表者 | C2: 対象者氏名（現在のご年齢） | E2: 備考
A3: 0 | B3: 駒寄太郎（例➡） | C3: 対象者 ☑あり □なし | D3: 駒寄次郎(76)、花子(74) ※花子：11月で満75才 | E3: □受取り辞退・理由等 ☑その他 留守のときは○○宅に預けてください
A4: 1 | B4: 佐久間明 | C4: 対象者 ■あり □なし | D4: 佐久間明 | E4: □受取り辞退・理由等 □その他
A5: 2 | B5: 鳥居知加代 | C5: 対象者 □あり □なし | E5: □受取り辞退・理由等 □その他
A6: 3 | B6: 渋江康弘 | C6: 対象者 ■あり □なし | D6: 渋江康弘 渋江秀子 | E6: □受取り辞退・理由等 □その他
A7: 4 | B7: 石岡明憲 | C7: 対象者 □あり □なし | E7: □受取り辞退・理由等 □その他
A8: 5 | B8: 中華料理成都 | C8: 対象者 □あり □なし | E8: □受取り辞退・理由等 □その他
A9: 6 | B9: 武藤親弘 | C9: 対象者 ■あり □なし | D9: 武藤慎一 | E9: □受取り辞退・理由等 □その他
A10: 7 | B10: 串一 | C10: 対象者 □あり □なし | E10: □受取り辞退・理由等 □その他
A11: 8 | B11: AJITO中村みどり | C11: 対象者 ■あり □なし | D11: 中村修一（行政名簿外） | E11: □受取り辞退・理由等 □その他
A12: 9 | C12: 対象者 □あり □なし | E12: □受取り辞退・理由等 □その他
A13: 10 | C13: 対象者 □あり □なし | E13: □受取り辞退・理由等 □その他
A14: 11 | C14: 対象者 □あり □なし | E14: □受取り辞退・理由等 □その他
A15: 12 | C15: 対象者 □あり □なし | E15: □受取り辞退・理由等 □その他
A16: 13 | C16: 対象者 □あり □なし | E16: □受取り辞退・理由等 □その他
A17: 14 | C17: 対象者 □あり □なし | E17: □受取り辞退・理由等 □その他
A18: 15 | C18: 対象者 □あり □なし | E18: □受取り辞退・理由等 □その他
A19: 16 | C19: 対象者 □あり □なし | E19: □受取り辞退・理由等 □その他
A21: ＊ | B21: 評議員さんへのお願い
B22: ='１区１班'!B22 -> 所属班の各世帯から聞き取った内容を本用紙に記入し、９月６日の定例会に必ずご持参ください。
B23: ='１区１班'!B23 -> ※既に対象者氏名が印刷されている方については年齢の記入不要です。
A25: ＊ | B25: 敬老祝い品 受取り対象者は、下記①～③を満たす方です。
B26: ='１区１班'!B26 -> ① 駒寄町内会会員であること（世帯代表者および同一生計者）
B27: ='１区１班'!B27 -> ※長期入院、ホーム長期入居者は対象外となります。
B28: ='１区１班'!B28 -> ② 昭和26年（1951年）12月31日以前生れの方（2026年12月31日時点で75歳以上の方）
B29: ='１区１班'!B29 -> ③ 敬老の日（9月21日午前中）祝い品（お赤飯を）お受け取り可能な方
B30: ='１区１班'!B30 -> ※お赤飯は食品につき、当日受け取り可能な方のみを対象とさせていただきます。

Sheet １区４班
A1: {=MID(CELL("filename",A1),FIND("]",CELL("filename",A1))+1,255)} -> １区４班 | C1: ='１区１班'!C1 -> Ｒ８年度 敬老祝い品 受取り対象者 聞き取り票 | F1: 5
A2: No. | B2: 世帯代表者 | C2: 対象者氏名（現在のご年齢） | E2: 備考
A3: 0 | B3: 駒寄太郎（例➡） | C3: 対象者 ☑あり □なし | D3: 駒寄次郎(76)、花子(74) ※花子：11月で満75才 | E3: □受取り辞退・理由等 ☑その他 留守のときは○○宅に預けてください
A4: 1 | B4: 澤登武文 | C4: 対象者 □あり □なし | E4: □受取り辞退・理由等 □その他
A5: 2 | B5: 秋山芳美 | C5: 対象者 □あり □なし | E5: □受取り辞退・理由等 □その他
A6: 3 | B6: 櫻井治 | C6: 対象者 ■あり □なし | D6: 櫻井治 櫻井美保子 | E6: □受取り辞退・理由等 □その他
A7: 4 | B7: 松永彰 | C7: 対象者 ■あり □なし | D7: 松永彰 | E7: □受取り辞退・理由等 □その他
A8: 5 | B8: 橋本勇 | C8: 対象者 ■あり □なし | D8: 橋本勇 橋本愛子 | E8: □受取り辞退・理由等 □その他
A9: 6 | B9: 瀧下なつみ | C9: 対象者 □あり □なし | E9: □受取り辞退・理由等 □その他
A10: 7 | C10: 対象者 □あり □なし | E10: □受取り辞退・理由等 □その他
A11: 8 | C11: 対象者 □あり □なし | E11: □受取り辞退・理由等 □その他
A12: 9 | C12: 対象者 □あり □なし | E12: □受取り辞退・理由等 □その他
A13: 10 | C13: 対象者 □あり □なし | E13: □受取り辞退・理由等 □その他
A14: 11 | C14: 対象者 □あり □なし | E14: □受取り辞退・理由等 □その他
A15: 12 | C15: 対象者 □あり □なし | E15: □受取り辞退・理由等 □その他
A16: 13 | C16: 対象者 □あり □なし | E16: □受取り辞退・理由等 □その他
A17: 14 | C17: 対象者 □あり □なし | E17: □受取り辞退・理由等 □その他
A18: 15 | C18: 対象者 □あり □なし | E18: □受取り辞退・理由等 □その他
A19: 16 | C19: 対象者 □あり □なし | E19: □受取り辞退・理由等 □その他
A21: ＊ | B21: 評議員さんへのお願い
B22: ='１区１班'!B22 -> 所属班の各世帯から聞き取った内容を本用紙に記入し、９月６日の定例会に必ずご持参ください。
B23: ='１区１班'!B23 -> ※既に対象者氏名が印刷されている方については年齢の記入不要です。
A25: ＊ | B25: 敬老祝い品 受取り対象者は、下記①～③を満たす方です。
B26: ='１区１班'!B26 -> ① 駒寄町内会会員であること（世帯代表者および同一生計者）
B27: ='１区１班'!B27 -> ※長期入院、ホーム長期入居者は対象外となります。
B28: ='１区１班'!B28 -> ② 昭和26年（1951年）12月31日以前生れの方（2026年12月31日時点で75歳以上の方）
B29: ='１区１班'!B29 -> ③ 敬老の日（9月21日午前中）祝い品（お赤飯を）お受け取り可能な方
B30: ='１区１班'!B30 -> ※お赤飯は食品につき、当日受け取り可能な方のみを対象とさせていただきます。

Sheet １区５班
A1: {=MID(CELL("filename",A1),FIND("]",CELL("filename",A1))+1,255)} -> １区５班 | C1: ='１区１班'!C1 -> Ｒ８年度 敬老祝い品 受取り対象者 聞き取り票 | F1: 0
A2: No. | B2: 世帯代表者 | C2: 対象者氏名（現在のご年齢） | E2: 備考
A3: 0 | B3: 駒寄太郎（例➡） | C3: 対象者 ☑あり □なし | D3: 駒寄次郎(76)、花子(74) ※花子：11月で満75才 | E3: □受取り辞退・理由等 ☑その他 留守のときは○○宅に預けてください
A4: 1 | B4: 鈴木洋一 | C4: 対象者 □あり □なし | E4: □受取り辞退・理由等 □その他
A5: 2 | B5: 首藤睦 | C5: 対象者 □あり □なし | E5: □受取り辞退・理由等 □その他
A6: 3 | B6: 大野誠治 | C6: 対象者 □あり □なし | E6: □受取り辞退・理由等 □その他
A7: 4 | C7: 対象者 □あり □なし | E7: □受取り辞退・理由等 □その他
A8: 5 | C8: 対象者 □あり □なし | E8: □受取り辞退・理由等 □その他
A9: 6 | C9: 対象者 □あり □なし | E9: □受取り辞退・理由等 □その他
A10: 7 | C10: 対象者 □あり □なし | E10: □受取り辞退・理由等 □その他
A11: 8 | C11: 対象者 □あり □なし | E11: □受取り辞退・理由等 □その他
A12: 9 | C12: 対象者 □あり □なし | E12: □受取り辞退・理由等 □その他
A13: 10 | C13: 対象者 □あり □なし | E13: □受取り辞退・理由等 □その他
A14: 11 | C14: 対象者 □あり □なし | E14: □受取り辞退・理由等 □その他
A15: 12 | C15: 対象者 □あり □なし | E15: □受取り辞退・理由等 □その他
A16: 13 | C16: 対象者 □あり □なし | E16: □受取り辞退・理由等 □その他
A17: 14 | C17: 対象者 □あり □なし | E17: □受取り辞退・理由等 □その他
A18: 15 | C18: 対象者 □あり □なし | E18: □受取り辞退・理由等 □その他
A19: 16 | C19: 対象者 □あり □なし | E19: □受取り辞退・理由等 □その他
A21: ＊ | B21: 評議員さんへのお願い
B22: ='１区１班'!B22 -> 所属班の各世帯から聞き取った内容を本用紙に記入し、９月６日の定例会に必ずご持参ください。
B23: ='１区１班'!B23 -> ※既に対象者氏名が印刷されている方については年齢の記入不要です。
A25: ＊ | B25: 敬老祝い品 受取り対象者は、下記①～③を満たす方です。
B26: ='１区１班'!B26 -> ① 駒寄町内会会員であること（世帯代表者および同一生計者）
B27: ='１区１班'!B27 -> ※長期入院、ホーム長期入居者は対象外となります。
B28: ='１区１班'!B28 -> ② 昭和26年（1951年）12月31日以前生れの方（2026年12月31日時点で75歳以上の方）
B29: ='１区１班'!B29 -> ③ 敬老の日（9月21日午前中）祝い品（お赤飯を）お受け取り可能な方
B30: ='１区１班'!B30 -> ※お赤飯は食品につき、当日受け取り可能な方のみを対象とさせていただきます。

Sheet １区６班
A1: {=MID(CELL("filename",A1),FIND("]",CELL("filename",A1))+1,255)} -> １区６班 | C1: ='１区１班'!C1 -> Ｒ８年度 敬老祝い品 受取り対象者 聞き取り票 | F1: 2
A2: No. | B2: 世帯代表者 | C2: 対象者氏名（現在のご年齢） | E2: 備考
A3: 0 | B3: 駒寄太郎（例➡） | C3: 対象者 ☑あり □なし | D3: 駒寄次郎(76)、花子(74) ※花子：11月で満75才 | E3: □受取り辞退・理由等 ☑その他 留守のときは○○宅に預けてください
A4: 1 | B4: 青山啓二 | C4: 対象者 ■あり □なし | D4: 青山順子 | E4: □受取り辞退・理由等 □その他
A5: 2 | B5: 西田善隆 | C5: 対象者 □あり □なし | E5: □受取り辞退・理由等 □その他
A6: 3 | B6: 渡戸正志 | C6: 対象者 ■あり □なし | D6: 渡戸正志 | E6: □受取り辞退・理由等 □その他
A7: 4 | B7: 冨田剛 | C7: 対象者 □あり □なし | E7: □受取り辞退・理由等 □その他
A8: 5 | B8: 堀井広樹 | C8: 対象者 □あり □なし | E8: □受取り辞退・理由等 □その他
A9: 6 | B9: 菊池崇広 | C9: 対象者 □あり □なし | E9: □受取り辞退・理由等 □その他
A10: 7 | B10: 冨松良紀 | C10: 対象者 □あり □なし | E10: □受取り辞退・理由等 □その他
A11: 8 | C11: 対象者 □あり □なし | E11: □受取り辞退・理由等 □その他
A12: 9 | C12: 対象者 □あり □なし | E12: □受取り辞退・理由等 □その他
A13: 10 | C13: 対象者 □あり □なし | E13: □受取り辞退・理由等 □その他
A14: 11 | C14: 対象者 □あり □なし | E14: □受取り辞退・理由等 □その他
A15: 12 | C15: 対象者 □あり □なし | E15: □受取り辞退・理由等 □その他
A16: 13 | C16: 対象者 □あり □なし | E16: □受取り辞退・理由等 □その他
A17: 14 | C17: 対象者 □あり □なし | E17: □受取り辞退・理由等 □その他
A18: 15 | C18: 対象者 □あり □なし | E18: □受取り辞退・理由等 □その他
A19: 16 | C19: 対象者 □あり □なし | E19: □受取り辞退・理由等 □その他
A21: ＊ | B21: 評議員さんへのお願い
B22: ='１区１班'!B22 -> 所属班の各世帯から聞き取った内容を本用紙に記入し、９月６日の定例会に必ずご持参ください。
B23: ='１区１班'!B23 -> ※既に対象者氏名が印刷されている方については年齢の記入不要です。
A25: ＊ | B25: 敬老祝い品 受取り対象者は、下記①～③を満たす方です。
B26: ='１区１班'!B26 -> ① 駒寄町内会会員であること（世帯代表者および同一生計者）
B27: ='１区１班'!B27 -> ※長期入院、ホーム長期入居者は対象外となります。
B28: ='１区１班'!B28 -> ② 昭和26年（1951年）12月31日以前生れの方（2026年12月31日時点で75歳以上の方）
B29: ='１区１班'!B29 -> ③ 敬老の日（9月21日午前中）祝い品（お赤飯を）お受け取り可能な方
B30: ='１区１班'!B30 -> ※お赤飯は食品につき、当日受け取り可能な方のみを対象とさせていただきます。

Sheet １区７班
A1: {=MID(CELL("filename",A1),FIND("]",CELL("filename",A1))+1,255)} -> １区７班 | C1: ='１区１班'!C1 -> Ｒ８年度 敬老祝い品 受取り対象者 聞き取り票 | F1: 1
A2: No. | B2: 世帯代表者 | C2: 対象者氏名（現在のご年齢） | E2: 備考
A3: 0 | B3: 駒寄太郎（例➡） | C3: 対象者 ☑あり □なし | D3: 駒寄次郎(76)、花子(74) ※花子：11月で満75才 | E3: □受取り辞退・理由等 ☑その他 留守のときは○○宅に預けてください
A4: 1 | B4: 山合行之 | C4: 対象者 □あり □なし | E4: □受取り辞退・理由等 □その他
A5: 2 | B5: 鈴木啓次 | C5: 対象者 □あり □なし | E5: □受取り辞退・理由等 □その他
A6: 3 | B6: 宮野弘明 | C6: 対象者 □あり □なし | E6: □受取り辞退・理由等 □その他
A7: 4 | B7: 小野怜子 | C7: 対象者 ■あり □なし | D7: 小野怜子 | E7: □受取り辞退・理由等 □その他
A8: 5 | B8: 中村未紀 | C8: 対象者 □あり □なし | E8: □受取り辞退・理由等 □その他
A9: 6 | C9: 対象者 □あり □なし | E9: □受取り辞退・理由等 □その他
A10: 7 | C10: 対象者 □あり □なし | E10: □受取り辞退・理由等 □その他
A11: 8 | C11: 対象者 □あり □なし | E11: □受取り辞退・理由等 □その他
A12: 9 | C12: 対象者 □あり □なし | E12: □受取り辞退・理由等 □その他
A13: 10 | C13: 対象者 □あり □なし | E13: □受取り辞退・理由等 □その他
A14: 11 | C14: 対象者 □あり □なし | E14: □受取り辞退・理由等 □その他
A15: 12 | C15: 対象者 □あり □なし | E15: □受取り辞退・理由等 □その他
A16: 13 | C16: 対象者 □あり □なし | E16: □受取り辞退・理由等 □その他
A17: 14 | C17: 対象者 □あり □なし | E17: □受取り辞退・理由等 □その他
A18: 15 | C18: 対象者 □あり □なし | E18: □受取り辞退・理由等 □その他
A19: 16 | C19: 対象者 □あり □なし | E19: □受取り辞退・理由等 □その他
A21: ＊ | B21: 評議員さんへのお願い
B22: ='１区１班'!B22 -> 所属班の各世帯から聞き取った内容を本用紙に記入し、９月６日の定例会に必ずご持参ください。
B23: ='１区１班'!B23 -> ※既に対象者氏名が印刷されている方については年齢の記入不要です。
A25: ＊ | B25: 敬老祝い品 受取り対象者は、下記①～③を満たす方です。
B26: ='１区１班'!B26 -> ① 駒寄町内会会員であること（世帯代表者および同一生計者）
B27: ='１区１班'!B27 -> ※長期入院、ホーム長期入居者は対象外となります。
B28: ='１区１班'!B28 -> ② 昭和26年（1951年）12月31日以前生れの方（2026年12月31日時点で75歳以上の方）
B29: ='１区１班'!B29 -> ③ 敬老の日（9月21日午前中）祝い品（お赤飯を）お受け取り可能な方
B30: ='１区１班'!B30 -> ※お赤飯は食品につき、当日受け取り可能な方のみを対象とさせていただきます。

Sheet １区８班
A1: {=MID(CELL("filename",A1),FIND("]",CELL("filename",A1))+1,255)} -> １区８班 | C1: ='１区１班'!C1 -> Ｒ８年度 敬老祝い品 受取り対象者 聞き取り票 | F1: 4
A2: No. | B2: 世帯代表者 | C2: 対象者氏名（現在のご年齢） | E2: 備考
A3: 0 | B3: 駒寄太郎（例➡） | C3: 対象者 ☑あり □なし | D3: 駒寄次郎(76)、花子(74) ※花子：11月で満75才 | E3: □受取り辞退・理由等 ☑その他 留守のときは○○宅に預けてください
A4: 1 | B4: 齋藤智子 | C4: 対象者 □あり □なし | E4: □受取り辞退・理由等 □その他
A5: 2 | B5: 齋藤和枝 | C5: 対象者 ■あり □なし | D5: 齋藤和枝 齋藤礼子 | E5: □受取り辞退・理由等 □その他
A6: 3 | B6: 溝口美代子 | C6: 対象者 ■あり □なし | D6: 溝口美代子 | E6: □受取り辞退・理由等 □その他
A7: 4 | B7: 宮川正子 | C7: 対象者 □あり ■なし | D7: 宮川正子（行政名簿外） | E7: ■受取り辞退・理由等 □その他
A8: 5 | B8: 佐々木由香里 | C8: 対象者 □あり □なし | E8: □受取り辞退・理由等 □その他
A9: 6 | B9: 橘鷹裕介 | C9: 対象者 ■あり □なし | D9: 橘鷹節子 | E9: □受取り辞退・理由等 □その他
A10: 7 | B10: 玉田義輝 | C10: 対象者 □あり □なし | E10: □受取り辞退・理由等 □その他
A11: 8 | C11: 対象者 □あり □なし | E11: □受取り辞退・理由等 □その他
A12: 9 | C12: 対象者 □あり □なし | E12: □受取り辞退・理由等 □その他
A13: 10 | C13: 対象者 □あり □なし | E13: □受取り辞退・理由等 □その他
A14: 11 | C14: 対象者 □あり □なし | E14: □受取り辞退・理由等 □その他
A15: 12 | C15: 対象者 □あり □なし | E15: □受取り辞退・理由等 □その他
A16: 13 | C16: 対象者 □あり □なし | E16: □受取り辞退・理由等 □その他
A17: 14 | C17: 対象者 □あり □なし | E17: □受取り辞退・理由等 □その他
A18: 15 | C18: 対象者 □あり □なし | E18: □受取り辞退・理由等 □その他
A19: 16 | C19: 対象者 □あり □なし | E19: □受取り辞退・理由等 □その他
A21: ＊ | B21: 評議員さんへのお願い
B22: ='１区１班'!B22 -> 所属班の各世帯から聞き取った内容を本用紙に記入し、９月６日の定例会に必ずご持参ください。
B23: ='１区１班'!B23 -> ※既に対象者氏名が印刷されている方については年齢の記入不要です。
A25: ＊ | B25: 敬老祝い品 受取り対象者は、下記①～③を満たす方です。
B26: ='１区１班'!B26 -> ① 駒寄町内会会員であること（世帯代表者および同一生計者）
B27: ='１区１班'!B27 -> ※長期入院、ホーム長期入居者は対象外となります。
B28: ='１区１班'!B28 -> ② 昭和26年（1951年）12月31日以前生れの方（2026年12月31日時点で75歳以上の方）
B29: ='１区１班'!B29 -> ③ 敬老の日（9月21日午前中）祝い品（お赤飯を）お受け取り可能な方
B30: ='１区１班'!B30 -> ※お赤飯は食品につき、当日受け取り可能な方のみを対象とさせていただきます。

Sheet １区９班
A1: {=MID(CELL("filename",A1),FIND("]",CELL("filename",A1))+1,255)} -> １区９班 | C1: ='１区１班'!C1 -> Ｒ８年度 敬老祝い品 受取り対象者 聞き取り票 | F1: 4
A2: No. | B2: 世帯代表者 | C2: 対象者氏名（現在のご年齢） | E2: 備考
A3: 0 | B3: 駒寄太郎（例➡） | C3: 対象者 ☑あり □なし | D3: 駒寄次郎(76)、花子(74) ※花子：11月で満75才 | E3: □受取り辞退・理由等 ☑その他 留守のときは○○宅に預けてください
A4: 1 | B4: 金子勲 | C4: 対象者 ■あり □なし | D4: 金子勲 | E4: □受取り辞退・理由等 □その他
A5: 2 | B5: 松本弘子 | C5: 対象者 ■あり □なし | D5: 松本弘子（施設入所） 加瀬和子 | E5: □受取り辞退・理由等 □その他
A6: 3 | B6: 関口香奈 | C6: 対象者 □あり □なし | E6: □受取り辞退・理由等 □その他
A7: 4 | B7: 藤田範男 | C7: 対象者 □あり □なし | E7: □受取り辞退・理由等 □その他
A8: 5 | B8: 前田清孝 | C8: 対象者 □あり □なし | E8: □受取り辞退・理由等 □その他
A9: 6 | B9: 高島秀夫 | C9: 対象者 ■あり □なし | D9: 高島秀夫 | E9: □受取り辞退・理由等 □その他
A10: 7 | B10: 桐生勝巳 | C10: 対象者 ■あり □なし | D10: 菊池篤子 | E10: □受取り辞退・理由等 □その他
A11: 8 | B11: 前田拓也 | C11: 対象者 □あり □なし | E11: □受取り辞退・理由等 □その他
A12: 9 | B12: 竹本久子 | C12: 対象者 □あり □なし | E12: □受取り辞退・理由等 □その他
A13: 10 | C13: 対象者 □あり □なし | E13: □受取り辞退・理由等 □その他
A14: 11 | C14: 対象者 □あり □なし | E14: □受取り辞退・理由等 □その他
A15: 12 | C15: 対象者 □あり □なし | E15: □受取り辞退・理由等 □その他
A16: 13 | C16: 対象者 □あり □なし | E16: □受取り辞退・理由等 □その他
A17: 14 | C17: 対象者 □あり □なし | E17: □受取り辞退・理由等 □その他
A18: 15 | C18: 対象者 □あり □なし | E18: □受取り辞退・理由等 □その他
A19: 16 | C19: 対象者 □あり □なし | E19: □受取り辞退・理由等 □その他
A21: ＊ | B21: 評議員さんへのお願い
B22: ='１区１班'!B22 -> 所属班の各世帯から聞き取った内容を本用紙に記入し、９月６日の定例会に必ずご持参ください。
B23: ='１区１班'!B23 -> ※既に対象者氏名が印刷されている方については年齢の記入不要です。
A25: ＊ | B25: 敬老祝い品 受取り対象者は、下記①～③を満たす方です。
B26: ='１区１班'!B26 -> ① 駒寄町内会会員であること（世帯代表者および同一生計者）
B27: ='１区１班'!B27 -> ※長期入院、ホーム長期入居者は対象外となります。
B28: ='１区１班'!B28 -> ② 昭和26年（1951年）12月31日以前生れの方（2026年12月31日時点で75歳以上の方）
B29: ='１区１班'!B29 -> ③ 敬老の日（9月21日午前中）祝い品（お赤飯を）お受け取り可能な方
B30: ='１区１班'!B30 -> ※お赤飯は食品につき、当日受け取り可能な方のみを対象とさせていただきます。

Sheet １区10班
A1: {=MID(CELL("filename",A1),FIND("]",CELL("filename",A1))+1,255)} -> １区10班 | C1: ='１区１班'!C1 -> Ｒ８年度 敬老祝い品 受取り対象者 聞き取り票 | F1: 3
A2: No. | B2: 世帯代表者 | C2: 対象者氏名（現在のご年齢） | E2: 備考
A3: 0 | B3: 駒寄太郎（例➡） | C3: 対象者 ☑あり □なし | D3: 駒寄次郎(76)、花子(74) ※花子：11月で満75才 | E3: □受取り辞退・理由等 ☑その他 留守のときは○○宅に預けてください
A4: 1 | B4: 須田昭 | C4: 対象者 □あり □なし | E4: □受取り辞退・理由等 □その他
A5: 2 | B5: 福寿早苗 | C5: 対象者 ■あり □なし | D5: 福寿早苗 | E5: □受取り辞退・理由等 □その他
A6: 3 | B6: 小山米子 | C6: 対象者 ■あり □なし | D6: 小山米子 | E6: □受取り辞退・理由等 □その他
A7: 4 | B7: 須田公子 | C7: 対象者 ■あり □なし | D7: 須田公子 | E7: □受取り辞退・理由等 □その他
A8: 5 | B8: 牧野ビル | C8: 対象者 □あり □なし | E8: □受取り辞退・理由等 □その他
A9: 6 | B9: 井岡拓也 | C9: 対象者 □あり □なし | E9: □受取り辞退・理由等 □その他
A10: 7 | C10: 対象者 □あり □なし | E10: □受取り辞退・理由等 □その他
A11: 8 | C11: 対象者 □あり □なし | E11: □受取り辞退・理由等 □その他
A12: 9 | C12: 対象者 □あり □なし | E12: □受取り辞退・理由等 □その他
A13: 10 | C13: 対象者 □あり □なし | E13: □受取り辞退・理由等 □その他
A14: 11 | C14: 対象者 □あり □なし | E14: □受取り辞退・理由等 □その他
A15: 12 | C15: 対象者 □あり □なし | E15: □受取り辞退・理由等 □その他
A16: 13 | C16: 対象者 □あり □なし | E16: □受取り辞退・理由等 □その他
A17: 14 | C17: 対象者 □あり □なし | E17: □受取り辞退・理由等 □その他
A18: 15 | C18: 対象者 □あり □なし | E18: □受取り辞退・理由等 □その他
A19: 16 | C19: 対象者 □あり □なし | E19: □受取り辞退・理由等 □その他
A21: ＊ | B21: 評議員さんへのお願い
B22: ='１区１班'!B22 -> 所属班の各世帯から聞き取った内容を本用紙に記入し、９月６日の定例会に必ずご持参ください。
B23: ='１区１班'!B23 -> ※既に対象者氏名が印刷されている方については年齢の記入不要です。
A25: ＊ | B25: 敬老祝い品 受取り対象者は、下記①～③を満たす方です。
B26: ='１区１班'!B26 -> ① 駒寄町内会会員であること（世帯代表者および同一生計者）
B27: ='１区１班'!B27 -> ※長期入院、ホーム長期入居者は対象外となります。
B28: ='１区１班'!B28 -> ② 昭和26年（1951年）12月31日以前生れの方（2026年12月31日時点で75歳以上の方）
B29: ='１区１班'!B29 -> ③ 敬老の日（9月21日午前中）祝い品（お赤飯を）お受け取り可能な方
B30: ='１区１班'!B30 -> ※お赤飯は食品につき、当日受け取り可能な方のみを対象とさせていただきます。

Sheet １区11班
A1: {=MID(CELL("filename",A1),FIND("]",CELL("filename",A1))+1,255)} -> １区11班 | C1: ='１区１班'!C1 -> Ｒ８年度 敬老祝い品 受取り対象者 聞き取り票 | F1: 3
A2: No. | B2: 世帯代表者 | C2: 対象者氏名（現在のご年齢） | E2: 備考
A3: 0 | B3: 駒寄太郎（例➡） | C3: 対象者 ☑あり □なし | D3: 駒寄次郎(76)、花子(74) ※花子：11月で満75才 | E3: □受取り辞退・理由等 ☑その他 留守のときは○○宅に預けてください
A4: 1 | B4: 901号室 渡 邊 幾 子 | C4: 対象者 □あり □なし | D4: 渡邊幾子 | E4: ■受取り辞退・理由等 □その他
A5: 2 | B5: 902号室 乾 タ ヅ 子 | C5: 対象者 ■あり □なし | D5: 乾タヅ子 | E5: □受取り辞退・理由等 □その他
A6: 3 | B6: 903号室 | C6: 対象者 □あり □なし | E6: □受取り辞退・理由等 □その他
A7: 4 | B7: 904号室 | C7: 対象者 □あり □なし | E7: □受取り辞退・理由等 □その他
A8: 5 | B8: 801号室 矢 部 謙 三 | C8: 対象者 ■あり □なし | D8: 矢部謙三 | E8: □受取り辞退・理由等 □その他
A9: 6 | B9: 802号室 千 葉 幸 代 | C9: 対象者 □あり □なし | E9: □受取り辞退・理由等 □その他
A10: 7 | B10: 803号室 佐藤美子 | C10: 対象者 □あり □なし | D10: （非居住者） | E10: □受取り辞退・理由等 □その他
A11: 8 | B11: 804号室 | C11: 対象者 □あり □なし | E11: □受取り辞退・理由等 □その他
A12: 9 | B12: 701号室 杉 澤 知 美 | C12: 対象者 □あり □なし | E12: □受取り辞退・理由等 □その他
A13: 10 | B13: 702号室 伊 藤 健 二 | C13: 対象者 □あり ■なし | D13: 伊藤明美（逝去） | E13: □受取り辞退・理由等 □その他
A14: 11 | B14: 703号室 荒 井 照 男 | C14: 対象者 □あり □なし | E14: □受取り辞退・理由等 □その他
A15: 12 | B15: 704号室 （貸 借） | C15: 対象者 □あり □なし | E15: □受取り辞退・理由等 □その他
A16: 13 | B16: 601号室 佐 々 木 宏 子 | C16: 対象者 □あり □なし | E16: □受取り辞退・理由等 □その他
A17: 14 | B17: 602号室 山 田 恭 一 | C17: 対象者 ■あり □なし | D17: 山田恭一 | E17: □受取り辞退・理由等 □その他
A18: 15 | B18: 603号室 佐 々 木 雅 浩 | C18: 対象者 □あり □なし | E18: □受取り辞退・理由等 □その他
A19: 16 | B19: 604号室 （貸 借） | C19: 対象者 □あり □なし | E19: □受取り辞退・理由等 □その他
A21: ＊ | B21: 評議員さんへのお願い
B22: ='１区１班'!B22 -> 所属班の各世帯から聞き取った内容を本用紙に記入し、９月６日の定例会に必ずご持参ください。
B23: ='１区１班'!B23 -> ※既に対象者氏名が印刷されている方については年齢の記入不要です。
A25: ＊ | B25: 敬老祝い品 受取り対象者は、下記①～③を満たす方です。
B26: ='１区１班'!B26 -> ① 駒寄町内会会員であること（世帯代表者および同一生計者）
B27: ='１区１班'!B27 -> ※長期入院、ホーム長期入居者は対象外となります。
B28: ='１区１班'!B28 -> ② 昭和26年（1951年）12月31日以前生れの方（2026年12月31日時点で75歳以上の方）
B29: ='１区１班'!B29 -> ③ 敬老の日（9月21日午前中）祝い品（お赤飯を）お受け取り可能な方
B30: ='１区１班'!B30 -> ※お赤飯は食品につき、当日受け取り可能な方のみを対象とさせていただきます。

Sheet １区12班
A1: {=MID(CELL("filename",A1),FIND("]",CELL("filename",A1))+1,255)} -> １区12班 | C1: ='１区１班'!C1 -> Ｒ８年度 敬老祝い品 受取り対象者 聞き取り票 | F1: 0
A2: No. | B2: 世帯代表者 | C2: 対象者氏名（現在のご年齢） | E2: 備考
A3: 0 | B3: 駒寄太郎（例➡） | C3: 対象者 ☑あり □なし | D3: 駒寄次郎(76)、花子(74) ※花子：11月で満75才 | E3: □受取り辞退・理由等 ☑その他 留守のときは○○宅に預けてください
A4: 1 | B4: 501号室 森 良 枝 | C4: 対象者 □あり □なし | D4: 森良枝 | E4: ■受取り辞退・理由等 □その他 不在のため
A5: 2 | B5: 502号室 千 葉 満 | C5: 対象者 □あり □なし | E5: □受取り辞退・理由等 □その他
A6: 3 | B6: 503号室 鎌 田 智 士 | C6: 対象者 □あり □なし | E6: □受取り辞退・理由等 □その他
A7: 4 | B7: 504号室 古 川 孝 一 | C7: 対象者 □あり □なし | E7: □受取り辞退・理由等 □その他
A8: 5 | B8: 401号室 杉 森 正 博 | C8: 対象者 □あり □なし | E8: □受取り辞退・理由等 □その他
A9: 6 | B9: 402号室 山 口 明 良 | C9: 対象者 □あり □なし | E9: □受取り辞退・理由等 □その他
A10: 7 | B10: 403号室 齋 藤 耕 平 | C10: 対象者 □あり □なし | E10: □受取り辞退・理由等 □その他
A11: 8 | B11: 404号室 小 田 切 幸 男 | C11: 対象者 □あり □なし | D11: 小田切幸男 | E11: ■受取り辞退・理由等 □その他 仕事のため
A12: 9 | B12: 301号室 矢 畑 進 | C12: 対象者 □あり □なし | E12: □受取り辞退・理由等 □その他
A13: 10 | B13: 302号室 杉 山 政 臣 | C13: 対象者 □あり □なし | E13: □受取り辞退・理由等 □その他
A14: 11 | B14: 303号室 丸 茂 治 彦 | C14: 対象者 □あり □なし | E14: □受取り辞退・理由等 □その他
A15: 12 | B15: 304号室 山 岸 靖 子 | C15: 対象者 □あり □なし | E15: □受取り辞退・理由等 □その他
A16: 13 | B16: 201号室 渡 邉 健 志 | C16: 対象者 □あり □なし | E16: □受取り辞退・理由等 □その他
A17: 14 | B17: 202号室 高 橋 昭 仁 | C17: 対象者 □あり □なし | E17: □受取り辞退・理由等 □その他
A18: 15 | B18: 203号室 雨 海 正 男 | C18: 対象者 □あり □なし | E18: □受取り辞退・理由等 □その他
A19: 16 | B19: 204号室 高 橋 博 満 | C19: 対象者 □あり □なし | E19: □受取り辞退・理由等 □その他
A21: ＊ | B21: 評議員さんへのお願い
B22: ='１区１班'!B22 -> 所属班の各世帯から聞き取った内容を本用紙に記入し、９月６日の定例会に必ずご持参ください。
B23: ='１区１班'!B23 -> ※既に対象者氏名が印刷されている方については年齢の記入不要です。
A25: ＊ | B25: 敬老祝い品 受取り対象者は、下記①～③を満たす方です。
B26: ='１区１班'!B26 -> ① 駒寄町内会会員であること（世帯代表者および同一生計者）
B27: ='１区１班'!B27 -> ※長期入院、ホーム長期入居者は対象外となります。
B28: ='１区１班'!B28 -> ② 昭和26年（1951年）12月31日以前生れの方（2026年12月31日時点で75歳以上の方）
B29: ='１区１班'!B29 -> ③ 敬老の日（9月21日午前中）祝い品（お赤飯を）お受け取り可能な方
B30: ='１区１班'!B30 -> ※お赤飯は食品につき、当日受け取り可能な方のみを対象とさせていただきます。

Sheet ２区１班
A1: {=MID(CELL("filename",A1),FIND("]",CELL("filename",A1))+1,255)} -> ２区１班 | C1: ='１区１班'!C1 -> Ｒ８年度 敬老祝い品 受取り対象者 聞き取り票 | F1: 4
A2: No. | B2: 世帯代表者 | C2: 対象者氏名（現在のご年齢） | E2: 備考
A3: 0 | B3: 駒寄太郎（例➡） | C3: 対象者 ☑あり □なし | D3: 駒寄次郎(76)、花子(74) ※花子：11月で満75才 | E3: □受取り辞退・理由等 ☑その他 留守のときは○○宅に預けてください
A4: 1 | B4: 森田眞由美 | C4: 対象者 □あり □なし | E4: □受取り辞退・理由等 □その他
A5: 2 | B5: 森田章裕 | C5: 対象者 □あり □なし | E5: □受取り辞退・理由等 □その他
A6: 3 | B6: 小澤正行 | C6: 対象者 □あり ■なし | D6: 小澤典子 | E6: ■受取り辞退・理由等 □その他 ホーム入居
A7: 4 | B7: 福島紀一 | C7: 対象者 ■あり □なし | D7: 福島紀一 福島玲子 | E7: □受取り辞退・理由等 □その他
A8: 5 | B8: 鈴木美恵子 | C8: 対象者 □あり □なし | E8: □受取り辞退・理由等 □その他
A9: 6 | B9: 名取眞代 | C9: 対象者 ■あり □なし | D9: 名取眞代 | E9: □受取り辞退・理由等 □その他
A10: 7 | B10: 藤田将作 | C10: 対象者 □あり □なし | E10: □受取り辞退・理由等 □その他
A11: 8 | B11: 滝本春香 | C11: 対象者 ■あり □なし | D11: 滝本千和子 | E11: □受取り辞退・理由等 □その他
A12: 9 | C12: 対象者 □あり □なし | E12: □受取り辞退・理由等 □その他
A13: 10 | C13: 対象者 □あり □なし | E13: □受取り辞退・理由等 □その他
A14: 11 | C14: 対象者 □あり □なし | E14: □受取り辞退・理由等 □その他
A15: 12 | C15: 対象者 □あり □なし | E15: □受取り辞退・理由等 □その他
A16: 13 | C16: 対象者 □あり □なし | E16: □受取り辞退・理由等 □その他
A17: 14 | C17: 対象者 □あり □なし | E17: □受取り辞退・理由等 □その他
A18: 15 | C18: 対象者 □あり □なし | E18: □受取り辞退・理由等 □その他
A19: 16 | C19: 対象者 □あり □なし | E19: □受取り辞退・理由等 □その他
A21: ＊ | B21: 評議員さんへのお願い
B22: ='１区１班'!B22 -> 所属班の各世帯から聞き取った内容を本用紙に記入し、９月６日の定例会に必ずご持参ください。
B23: ='１区１班'!B23 -> ※既に対象者氏名が印刷されている方については年齢の記入不要です。
A25: ＊ | B25: 敬老祝い品 受取り対象者は、下記①～③を満たす方です。
B26: ='１区１班'!B26 -> ① 駒寄町内会会員であること（世帯代表者および同一生計者）
B27: ='１区１班'!B27 -> ※長期入院、ホーム長期入居者は対象外となります。
B28: ='１区１班'!B28 -> ② 昭和26年（1951年）12月31日以前生れの方（2026年12月31日時点で75歳以上の方）
B29: ='１区１班'!B29 -> ③ 敬老の日（9月21日午前中）祝い品（お赤飯を）お受け取り可能な方
B30: ='１区１班'!B30 -> ※お赤飯は食品につき、当日受け取り可能な方のみを対象とさせていただきます。

Sheet ２区２班
A1: {=MID(CELL("filename",A1),FIND("]",CELL("filename",A1))+1,255)} -> ２区２班 | C1: ='１区１班'!C1 -> Ｒ８年度 敬老祝い品 受取り対象者 聞き取り票 | F1: 3
A2: No. | B2: 世帯代表者 | C2: 対象者氏名（現在のご年齢） | E2: 備考
A3: 0 | B3: 駒寄太郎（例➡） | C3: 対象者 ☑あり □なし | D3: 駒寄次郎(76)、花子(74) ※花子：11月で満75才 | E3: □受取り辞退・理由等 ☑その他 留守のときは○○宅に預けてください
A4: 1 | B4: 渡辺嘉久也 | C4: 対象者 □あり ■なし | D4: 渡辺八重子 | E4: ■受取り辞退・理由等 □その他 ホーム入居
A5: 2 | B5: 佐野和弘 | C5: 対象者 □あり □なし | E5: □受取り辞退・理由等 □その他
A6: 3 | B6: 橋本岳 | C6: 対象者 □あり □なし | E6: □受取り辞退・理由等 □その他
A7: 4 | B7: 御薗節子 | C7: 対象者 ■あり □なし | D7: 御薗節子 | E7: □受取り辞退・理由等 □その他
A8: 5 | B8: 小松誠 | C8: 対象者 ■あり □なし | D8: 小松誠 小松郁世 | E8: □受取り辞退・理由等 □その他
A9: 6 | C9: 対象者 □あり □なし | E9: □受取り辞退・理由等 □その他
A10: 7 | C10: 対象者 □あり □なし | E10: □受取り辞退・理由等 □その他
A11: 8 | C11: 対象者 □あり □なし | E11: □受取り辞退・理由等 □その他
A12: 9 | C12: 対象者 □あり □なし | E12: □受取り辞退・理由等 □その他
A13: 10 | C13: 対象者 □あり □なし | E13: □受取り辞退・理由等 □その他
A14: 11 | C14: 対象者 □あり □なし | E14: □受取り辞退・理由等 □その他
A15: 12 | C15: 対象者 □あり □なし | E15: □受取り辞退・理由等 □その他
A16: 13 | C16: 対象者 □あり □なし | E16: □受取り辞退・理由等 □その他
A17: 14 | C17: 対象者 □あり □なし | E17: □受取り辞退・理由等 □その他
A18: 15 | C18: 対象者 □あり □なし | E18: □受取り辞退・理由等 □その他
A19: 16 | C19: 対象者 □あり □なし | E19: □受取り辞退・理由等 □その他
A21: ＊ | B21: 評議員さんへのお願い
B22: ='１区１班'!B22 -> 所属班の各世帯から聞き取った内容を本用紙に記入し、９月６日の定例会に必ずご持参ください。
B23: ='１区１班'!B23 -> ※既に対象者氏名が印刷されている方については年齢の記入不要です。
A25: ＊ | B25: 敬老祝い品 受取り対象者は、下記①～③を満たす方です。
B26: ='１区１班'!B26 -> ① 駒寄町内会会員であること（世帯代表者および同一生計者）
B27: ='１区１班'!B27 -> ※長期入院、ホーム長期入居者は対象外となります。
B28: ='１区１班'!B28 -> ② 昭和26年（1951年）12月31日以前生れの方（2026年12月31日時点で75歳以上の方）
B29: ='１区１班'!B29 -> ③ 敬老の日（9月21日午前中）祝い品（お赤飯を）お受け取り可能な方
B30: ='１区１班'!B30 -> ※お赤飯は食品につき、当日受け取り可能な方のみを対象とさせていただきます。

Sheet ２区３班
A1: {=MID(CELL("filename",A1),FIND("]",CELL("filename",A1))+1,255)} -> ２区３班 | C1: ='１区１班'!C1 -> Ｒ８年度 敬老祝い品 受取り対象者 聞き取り票 | F1: 2
A2: No. | B2: 世帯代表者 | C2: 対象者氏名（現在のご年齢） | E2: 備考
A3: 0 | B3: 駒寄太郎（例➡） | C3: 対象者 ☑あり □なし | D3: 駒寄次郎(76)、花子(74) ※花子：11月で満75才 | E3: □受取り辞退・理由等 ☑その他 留守のときは○○宅に預けてください
A4: 1 | B4: 霜村紀子 | C4: 対象者 ■あり □なし | D4: 霜村紀子 | E4: □受取り辞退・理由等 □その他
A5: 2 | B5: 吉田初枝 | C5: 対象者 ■あり □なし | D5: 吉田初枝 | E5: □受取り辞退・理由等 □その他
A6: 3 | B6: 網倉潤子 | C6: 対象者 □あり □なし | E6: □受取り辞退・理由等 □その他
A7: 4 | B7: 上田隆 | C7: 対象者 □あり □なし | E7: □受取り辞退・理由等 □その他
A8: 5 | B8: 磯野真一 | C8: 対象者 □あり □なし | E8: □受取り辞退・理由等 □その他
A9: 6 | C9: 対象者 □あり □なし | E9: □受取り辞退・理由等 □その他
A10: 7 | C10: 対象者 □あり □なし | E10: □受取り辞退・理由等 □その他
A11: 8 | C11: 対象者 □あり □なし | E11: □受取り辞退・理由等 □その他
A12: 9 | C12: 対象者 □あり □なし | E12: □受取り辞退・理由等 □その他
A13: 10 | C13: 対象者 □あり □なし | E13: □受取り辞退・理由等 □その他
A14: 11 | C14: 対象者 □あり □なし | E14: □受取り辞退・理由等 □その他
A15: 12 | C15: 対象者 □あり □なし | E15: □受取り辞退・理由等 □その他
A16: 13 | C16: 対象者 □あり □なし | E16: □受取り辞退・理由等 □その他
A17: 14 | C17: 対象者 □あり □なし | E17: □受取り辞退・理由等 □その他
A18: 15 | C18: 対象者 □あり □なし | E18: □受取り辞退・理由等 □その他
A19: 16 | C19: 対象者 □あり □なし | E19: □受取り辞退・理由等 □その他
A21: ＊ | B21: 評議員さんへのお願い
B22: ='１区１班'!B22 -> 所属班の各世帯から聞き取った内容を本用紙に記入し、９月６日の定例会に必ずご持参ください。
B23: ='１区１班'!B23 -> ※既に対象者氏名が印刷されている方については年齢の記入不要です。
A25: ＊ | B25: 敬老祝い品 受取り対象者は、下記①～③を満たす方です。
B26: ='１区１班'!B26 -> ① 駒寄町内会会員であること（世帯代表者および同一生計者）
B27: ='１区１班'!B27 -> ※長期入院、ホーム長期入居者は対象外となります。
B28: ='１区１班'!B28 -> ② 昭和26年（1951年）12月31日以前生れの方（2026年12月31日時点で75歳以上の方）
B29: ='１区１班'!B29 -> ③ 敬老の日（9月21日午前中）祝い品（お赤飯を）お受け取り可能な方
B30: ='１区１班'!B30 -> ※お赤飯は食品につき、当日受け取り可能な方のみを対象とさせていただきます。

Sheet ２区４班
A1: {=MID(CELL("filename",A1),FIND("]",CELL("filename",A1))+1,255)} -> ２区４班 | C1: ='１区１班'!C1 -> Ｒ８年度 敬老祝い品 受取り対象者 聞き取り票 | F1: 4
A2: No. | B2: 世帯代表者 | C2: 対象者氏名（現在のご年齢） | E2: 備考
A3: 0 | B3: 駒寄太郎（例➡） | C3: 対象者 ☑あり □なし | D3: 駒寄次郎(76)、花子(74) ※花子：11月で満75才 | E3: □受取り辞退・理由等 ☑その他 留守のときは○○宅に預けてください
A4: 1 | B4: 岩垂晴夫 | C4: 対象者 ■あり □なし | D4: 岩垂晴夫 岩垂正子 | E4: □受取り辞退・理由等 □その他
A5: 2 | B5: 斉田芳久 | C5: 対象者 ■あり □なし | D5: 斉田芳久 | E5: □受取り辞退・理由等 □その他
A6: 3 | B6: 安藤豊美 | C6: 対象者 □あり □なし | E6: □受取り辞退・理由等 □その他
A7: 4 | B7: 濱名誠 | C7: 対象者 □あり □なし | E7: □受取り辞退・理由等 □その他
A8: 5 | B8: 佐藤シズエ | C8: 対象者 ■あり □なし | D8: 佐藤シズエ | E8: □受取り辞退・理由等 □その他
A9: 6 | C9: 対象者 □あり □なし | E9: □受取り辞退・理由等 □その他
A10: 7 | C10: 対象者 □あり □なし | E10: □受取り辞退・理由等 □その他
A11: 8 | C11: 対象者 □あり □なし | E11: □受取り辞退・理由等 □その他
A12: 9 | C12: 対象者 □あり □なし | E12: □受取り辞退・理由等 □その他
A13: 10 | C13: 対象者 □あり □なし | E13: □受取り辞退・理由等 □その他
A14: 11 | C14: 対象者 □あり □なし | E14: □受取り辞退・理由等 □その他
A15: 12 | C15: 対象者 □あり □なし | E15: □受取り辞退・理由等 □その他
A16: 13 | C16: 対象者 □あり □なし | E16: □受取り辞退・理由等 □その他
A17: 14 | C17: 対象者 □あり □なし | E17: □受取り辞退・理由等 □その他
A18: 15 | C18: 対象者 □あり □なし | E18: □受取り辞退・理由等 □その他
A19: 16 | C19: 対象者 □あり □なし | E19: □受取り辞退・理由等 □その他
A21: ＊ | B21: 評議員さんへのお願い
B22: ='１区１班'!B22 -> 所属班の各世帯から聞き取った内容を本用紙に記入し、９月６日の定例会に必ずご持参ください。
B23: ='１区１班'!B23 -> ※既に対象者氏名が印刷されている方については年齢の記入不要です。
A25: ＊ | B25: 敬老祝い品 受取り対象者は、下記①～③を満たす方です。
B26: ='１区１班'!B26 -> ① 駒寄町内会会員であること（世帯代表者および同一生計者）
B27: ='１区１班'!B27 -> ※長期入院、ホーム長期入居者は対象外となります。
B28: ='１区１班'!B28 -> ② 昭和26年（1951年）12月31日以前生れの方（2026年12月31日時点で75歳以上の方）
B29: ='１区１班'!B29 -> ③ 敬老の日（9月21日午前中）祝い品（お赤飯を）お受け取り可能な方
B30: ='１区１班'!B30 -> ※お赤飯は食品につき、当日受け取り可能な方のみを対象とさせていただきます。

Sheet ２区５班
A1: {=MID(CELL("filename",A1),FIND("]",CELL("filename",A1))+1,255)} -> ２区５班 | C1: ='１区１班'!C1 -> Ｒ８年度 敬老祝い品 受取り対象者 聞き取り票 | F1: 4
A2: No. | B2: 世帯代表者 | C2: 対象者氏名（現在のご年齢） | E2: 備考
A3: 0 | B3: 駒寄太郎（例➡） | C3: 対象者 ☑あり □なし | D3: 駒寄次郎(76)、花子(74) ※花子：11月で満75才 | E3: □受取り辞退・理由等 ☑その他 留守のときは○○宅に預けてください
A4: 1 | B4: 森原智 | C4: 対象者 □あり □なし | E4: □受取り辞退・理由等 □その他
A5: 2 | B5: 岡本三七子 | C5: 対象者 □あり □なし | E5: □受取り辞退・理由等 □その他
A6: 3 | B6: 佐々木誠 | C6: 対象者 ■あり □なし | D6: 佐々木誠 | E6: □受取り辞退・理由等 □その他
A7: 4 | B7: 鹿野絵里子 | C7: 対象者 □あり ■なし | D7: 鹿野玲子 | E7: ■受取り辞退・理由等 □その他 施設入居のため
A8: 5 | B8: 田口英弼 | C8: 対象者 ■あり □なし | D8: 田口英弼 田口アヤ子 | E8: □受取り辞退・理由等 □その他
A9: 6 | B9: 倉邉雅光 | C9: 対象者 □あり □なし | E9: □受取り辞退・理由等 □その他
A10: 7 | B10: 勇士時生 | C10: 対象者 ■あり □なし | D10: 勇士時生 | E10: □受取り辞退・理由等 ■その他 確認中。返事待ち
A11: 8 | B11: ㈲峯田工業 | C11: 対象者 □あり □なし | D11: ㈲峯田工業は退去 ※新入居希望あり・詳細不明 | E11: □受取り辞退・理由等 □その他
A12: 9 | C12: 対象者 □あり □なし | E12: □受取り辞退・理由等 □その他
A13: 10 | C13: 対象者 □あり □なし | E13: □受取り辞退・理由等 □その他
A14: 11 | C14: 対象者 □あり □なし | E14: □受取り辞退・理由等 □その他
A15: 12 | C15: 対象者 □あり □なし | E15: □受取り辞退・理由等 □その他
A16: 13 | C16: 対象者 □あり □なし | E16: □受取り辞退・理由等 □その他
A17: 14 | C17: 対象者 □あり □なし | E17: □受取り辞退・理由等 □その他
A18: 15 | C18: 対象者 □あり □なし | E18: □受取り辞退・理由等 □その他
A19: 16 | C19: 対象者 □あり □なし | E19: □受取り辞退・理由等 □その他
A21: ＊ | B21: 評議員さんへのお願い
B22: ='１区１班'!B22 -> 所属班の各世帯から聞き取った内容を本用紙に記入し、９月６日の定例会に必ずご持参ください。
B23: ='１区１班'!B23 -> ※既に対象者氏名が印刷されている方については年齢の記入不要です。
A25: ＊ | B25: 敬老祝い品 受取り対象者は、下記①～③を満たす方です。
B26: ='１区１班'!B26 -> ① 駒寄町内会会員であること（世帯代表者および同一生計者）
B27: ='１区１班'!B27 -> ※長期入院、ホーム長期入居者は対象外となります。
B28: ='１区１班'!B28 -> ② 昭和26年（1951年）12月31日以前生れの方（2026年12月31日時点で75歳以上の方）
B29: ='１区１班'!B29 -> ③ 敬老の日（9月21日午前中）祝い品（お赤飯を）お受け取り可能な方
B30: ='１区１班'!B30 -> ※お赤飯は食品につき、当日受け取り可能な方のみを対象とさせていただきます。

Sheet ２区６班
A1: {=MID(CELL("filename",A1),FIND("]",CELL("filename",A1))+1,255)} -> ２区６班 | C1: ='１区１班'!C1 -> Ｒ８年度 敬老祝い品 受取り対象者 聞き取り票 | F1: 5
A2: No. | B2: 世帯代表者 | C2: 対象者氏名（現在のご年齢） | E2: 備考
A3: 0 | B3: 駒寄太郎（例➡） | C3: 対象者 ☑あり □なし | D3: 駒寄次郎(76)、花子(74) ※花子：11月で満75才 | E3: □受取り辞退・理由等 ☑その他 留守のときは○○宅に預けてください
A4: 1 | B4: 小林弘子 | C4: 対象者 ■あり □なし | D4: 小林弘子 | E4: □受取り辞退・理由等 □その他
A5: 2 | B5: 宮下忠夫 | C5: 対象者 ■あり □なし | D5: 宮下忠夫 宮下眞理子 | E5: □受取り辞退・理由等 □その他
A6: 3 | B6: 黒部隼斗 | C6: 対象者 □あり □なし | E6: □受取り辞退・理由等 □その他
A7: 4 | B7: 井波純一 | C7: 対象者 ■あり □なし | D7: 井波純一 井波外茂子 | E7: □受取り辞退・理由等 □その他
A8: 5 | B8: 菊池之裕 | C8: 対象者 □あり □なし | E8: □受取り辞退・理由等 □その他
A9: 6 | B9: 佐合駿 | C9: 対象者 □あり □なし | E9: □受取り辞退・理由等 □その他
A10: 7 | B10: 板倉里美 | C10: 対象者 □あり □なし | E10: □受取り辞退・理由等 □その他
A11: 8 | C11: 対象者 □あり □なし | E11: □受取り辞退・理由等 □その他
A12: 9 | C12: 対象者 □あり □なし | E12: □受取り辞退・理由等 □その他
A13: 10 | C13: 対象者 □あり □なし | E13: □受取り辞退・理由等 □その他
A14: 11 | C14: 対象者 □あり □なし | E14: □受取り辞退・理由等 □その他
A15: 12 | C15: 対象者 □あり □なし | E15: □受取り辞退・理由等 □その他
A16: 13 | C16: 対象者 □あり □なし | E16: □受取り辞退・理由等 □その他
A17: 14 | C17: 対象者 □あり □なし | E17: □受取り辞退・理由等 □その他
A18: 15 | C18: 対象者 □あり □なし | E18: □受取り辞退・理由等 □その他
A19: 16 | C19: 対象者 □あり □なし | E19: □受取り辞退・理由等 □その他
A21: ＊ | B21: 評議員さんへのお願い
B22: ='１区１班'!B22 -> 所属班の各世帯から聞き取った内容を本用紙に記入し、９月６日の定例会に必ずご持参ください。
B23: ='１区１班'!B23 -> ※既に対象者氏名が印刷されている方については年齢の記入不要です。
A25: ＊ | B25: 敬老祝い品 受取り対象者は、下記①～③を満たす方です。
B26: ='１区１班'!B26 -> ① 駒寄町内会会員であること（世帯代表者および同一生計者）
B27: ='１区１班'!B27 -> ※長期入院、ホーム長期入居者は対象外となります。
B28: ='１区１班'!B28 -> ② 昭和26年（1951年）12月31日以前生れの方（2026年12月31日時点で75歳以上の方）
B29: ='１区１班'!B29 -> ③ 敬老の日（9月21日午前中）祝い品（お赤飯を）お受け取り可能な方
B30: ='１区１班'!B30 -> ※お赤飯は食品につき、当日受け取り可能な方のみを対象とさせていただきます。

Sheet ２区７班
A1: {=MID(CELL("filename",A1),FIND("]",CELL("filename",A1))+1,255)} -> ２区７班 | C1: ='１区１班'!C1 -> Ｒ８年度 敬老祝い品 受取り対象者 聞き取り票 | F1: 5
A2: No. | B2: 世帯代表者 | C2: 対象者氏名（現在のご年齢） | E2: 備考
A3: 0 | B3: 駒寄太郎（例➡） | C3: 対象者 ☑あり □なし | D3: 駒寄次郎(76)、花子(74) ※花子：11月で満75才 | E3: □受取り辞退・理由等 ☑その他 留守のときは○○宅に預けてください
A4: 1 | B4: 冨山厚 | C4: 対象者 □あり □なし | E4: □受取り辞退・理由等 □その他
A5: 2 | B5: 高橋則篤 | C5: 対象者 □あり □なし | E5: □受取り辞退・理由等 □その他
A6: 3 | B6: 宗像進 | C6: 対象者 ■あり □なし | D6: 宗像進 宗像久美子 | E6: □受取り辞退・理由等 ■その他 ２人で１つ
A7: 4 | B7: 関根伸成 | C7: 対象者 ■あり □なし | D7: 関根伸成 関根晃子 | E7: □受取り辞退・理由等 ■その他 ２人で１つ
A8: 5 | B8: 吉田千恵子 | C8: 対象者 □あり □なし | E8: □受取り辞退・理由等 □その他
A9: 6 | B9: 手塚文子 | C9: 対象者 □あり ■なし | D9: 手塚文子 | E9: ■受取り辞退・理由等 □その他 引っ越しのため
A10: 7 | B10: 星川ツル | C10: 対象者 ■あり □なし | D10: 星川ツル | E10: □受取り辞退・理由等 □その他
A11: 8 | B11: 藤谷健太 | C11: 対象者 □あり □なし | E11: □受取り辞退・理由等 □その他
A12: 9 | B12: オールウェイズ（水内） | C12: 対象者 □あり □なし | E12: □受取り辞退・理由等 □その他
A13: 10 | C13: 対象者 □あり □なし | E13: □受取り辞退・理由等 □その他
A14: 11 | C14: 対象者 □あり □なし | E14: □受取り辞退・理由等 □その他
A15: 12 | C15: 対象者 □あり □なし | E15: □受取り辞退・理由等 □その他
A16: 13 | C16: 対象者 □あり □なし | E16: □受取り辞退・理由等 □その他
A17: 14 | C17: 対象者 □あり □なし | E17: □受取り辞退・理由等 □その他
A18: 15 | C18: 対象者 □あり □なし | E18: □受取り辞退・理由等 □その他
A19: 16 | C19: 対象者 □あり □なし | E19: □受取り辞退・理由等 □その他
A21: ＊ | B21: 評議員さんへのお願い
B22: ='１区１班'!B22 -> 所属班の各世帯から聞き取った内容を本用紙に記入し、９月６日の定例会に必ずご持参ください。
B23: ='１区１班'!B23 -> ※既に対象者氏名が印刷されている方については年齢の記入不要です。
A25: ＊ | B25: 敬老祝い品 受取り対象者は、下記①～③を満たす方です。
B26: ='１区１班'!B26 -> ① 駒寄町内会会員であること（世帯代表者および同一生計者）
B27: ='１区１班'!B27 -> ※長期入院、ホーム長期入居者は対象外となります。
B28: ='１区１班'!B28 -> ② 昭和26年（1951年）12月31日以前生れの方（2026年12月31日時点で75歳以上の方）
B29: ='１区１班'!B29 -> ③ 敬老の日（9月21日午前中）祝い品（お赤飯を）お受け取り可能な方
B30: ='１区１班'!B30 -> ※お赤飯は食品につき、当日受け取り可能な方のみを対象とさせていただきます。

Sheet ２区８班
A1: {=MID(CELL("filename",A1),FIND("]",CELL("filename",A1))+1,255)} -> ２区８班 | C1: ='１区１班'!C1 -> Ｒ８年度 敬老祝い品 受取り対象者 聞き取り票 | F1: 6
A2: No. | B2: 世帯代表者 | C2: 対象者氏名（現在のご年齢） | E2: 備考
A3: 0 | B3: 駒寄太郎（例➡） | C3: 対象者 ☑あり □なし | D3: 駒寄次郎(76)、花子(74) ※花子：11月で満75才 | E3: □受取り辞退・理由等 ☑その他 留守のときは○○宅に預けてください
A4: 1 | B4: 佐藤元信 | C4: 対象者 ■あり □なし | D4: 佐藤順子（ﾖﾘｺ） | E4: □受取り辞退・理由等 □その他
A5: 2 | B5: 爲廣哲朗 | C5: 対象者 ■あり □なし | D5: 爲廣哲朗 | E5: □受取り辞退・理由等 □その他
A6: 3 | B6: 中根佳江 | C6: 対象者 ■あり □なし | D6: 中根佳江 | E6: □受取り辞退・理由等 □その他
A7: 4 | B7: 大塚孝史 | C7: 対象者 ■あり □なし | D7: 大塚孝史 | E7: □受取り辞退・理由等 □その他
A8: 5 | B8: 鴨崎昶美 | C8: 対象者 ■あり □なし | D8: 鴨崎昶美 | E8: □受取り辞退・理由等 □その他
A9: 6 | B9: 杉本一久 | C9: 対象者 ■あり □なし | D9: 杉本一久 | E9: □受取り辞退・理由等 □その他
A10: 7 | B10: ジュンハイム（小板橋） | C10: 対象者 □あり □なし | E10: □受取り辞退・理由等 □その他
A11: 8 | B11: 和田光平 | C11: 対象者 □あり □なし | D11: ﾎﾜｲﾄｽﾃｰｼﾞ201号室 | E11: □受取り辞退・理由等 □その他
A12: 9 | B12: 横森雄太 | C12: 対象者 □あり □なし | D12: ﾎﾜｲﾄｽﾃｰｼﾞ202号室 | E12: □受取り辞退・理由等 □その他
A13: 10 | C13: 対象者 □あり □なし | E13: □受取り辞退・理由等 □その他
A14: 11 | C14: 対象者 □あり □なし | E14: □受取り辞退・理由等 □その他
A15: 12 | C15: 対象者 □あり □なし | E15: □受取り辞退・理由等 □その他
A16: 13 | C16: 対象者 □あり □なし | E16: □受取り辞退・理由等 □その他
A17: 14 | C17: 対象者 □あり □なし | E17: □受取り辞退・理由等 □その他
A18: 15 | C18: 対象者 □あり □なし | E18: □受取り辞退・理由等 □その他
A19: 16 | C19: 対象者 □あり □なし | E19: □受取り辞退・理由等 □その他
A21: ＊ | B21: 評議員さんへのお願い
B22: ='１区１班'!B22 -> 所属班の各世帯から聞き取った内容を本用紙に記入し、９月６日の定例会に必ずご持参ください。
B23: ='１区１班'!B23 -> ※既に対象者氏名が印刷されている方については年齢の記入不要です。
A25: ＊ | B25: 敬老祝い品 受取り対象者は、下記①～③を満たす方です。
B26: ='１区１班'!B26 -> ① 駒寄町内会会員であること（世帯代表者および同一生計者）
B27: ='１区１班'!B27 -> ※長期入院、ホーム長期入居者は対象外となります。
B28: ='１区１班'!B28 -> ② 昭和26年（1951年）12月31日以前生れの方（2026年12月31日時点で75歳以上の方）
B29: ='１区１班'!B29 -> ③ 敬老の日（9月21日午前中）祝い品（お赤飯を）お受け取り可能な方
B30: ='１区１班'!B30 -> ※お赤飯は食品につき、当日受け取り可能な方のみを対象とさせていただきます。

Sheet ２区９班
A1: {=MID(CELL("filename",A1),FIND("]",CELL("filename",A1))+1,255)} -> ２区９班 | C1: ='１区１班'!C1 -> Ｒ８年度 敬老祝い品 受取り対象者 聞き取り票 | F1: 6
A2: No. | B2: 世帯代表者 | C2: 対象者氏名（現在のご年齢） | E2: 備考
A3: 0 | B3: 駒寄太郎（例➡） | C3: 対象者 ☑あり □なし | D3: 駒寄次郎(76)、花子(74) ※花子：11月で満75才 | E3: □受取り辞退・理由等 ☑その他 留守のときは○○宅に預けてください
A4: 1 | B4: 内山巧 | C4: 対象者 ■あり □なし | D4: 内山巧 | E4: □受取り辞退・理由等 □その他
A5: 2 | B5: 稲橋義治 | C5: 対象者 □あり □なし | E5: □受取り辞退・理由等 □その他
A6: 3 | B6: 堀江善幸 | C6: 対象者 ■あり □なし | D6: 堀江善幸 堀江和美 | E6: □受取り辞退・理由等 □その他
A7: 4 | B7: 水内房江 | C7: 対象者 ■あり □なし | D7: 水内房江 | E7: □受取り辞退・理由等 □その他
A8: 5 | B8: 阿部治 | C8: 対象者 ■あり □なし | D8: 阿部治 | E8: □受取り辞退・理由等 □その他
A9: 6 | B9: 八子スエ子 | C9: 対象者 ■あり □なし | D9: 八子スエ子 | E9: □受取り辞退・理由等 □その他
A10: 7 | B10: 小林晃 | C10: 対象者 □あり □なし | E10: □受取り辞退・理由等 □その他
A11: 8 | B11: 鈴木眞寿美 | C11: 対象者 □あり □なし | E11: □受取り辞退・理由等 □その他
A12: 9 | C12: 対象者 □あり □なし | E12: □受取り辞退・理由等 □その他
A13: 10 | C13: 対象者 □あり □なし | E13: □受取り辞退・理由等 □その他
A14: 11 | C14: 対象者 □あり □なし | E14: □受取り辞退・理由等 □その他
A15: 12 | C15: 対象者 □あり □なし | E15: □受取り辞退・理由等 □その他
A16: 13 | C16: 対象者 □あり □なし | E16: □受取り辞退・理由等 □その他
A17: 14 | C17: 対象者 □あり □なし | E17: □受取り辞退・理由等 □その他
A18: 15 | C18: 対象者 □あり □なし | E18: □受取り辞退・理由等 □その他
A19: 16 | C19: 対象者 □あり □なし | E19: □受取り辞退・理由等 □その他
A21: ＊ | B21: 評議員さんへのお願い
B22: ='１区１班'!B22 -> 所属班の各世帯から聞き取った内容を本用紙に記入し、９月６日の定例会に必ずご持参ください。
B23: ='１区１班'!B23 -> ※既に対象者氏名が印刷されている方については年齢の記入不要です。
A25: ＊ | B25: 敬老祝い品 受取り対象者は、下記①～③を満たす方です。
B26: ='１区１班'!B26 -> ① 駒寄町内会会員であること（世帯代表者および同一生計者）
B27: ='１区１班'!B27 -> ※長期入院、ホーム長期入居者は対象外となります。
B28: ='１区１班'!B28 -> ② 昭和26年（1951年）12月31日以前生れの方（2026年12月31日時点で75歳以上の方）
B29: ='１区１班'!B29 -> ③ 敬老の日（9月21日午前中）祝い品（お赤飯を）お受け取り可能な方
B30: ='１区１班'!B30 -> ※お赤飯は食品につき、当日受け取り可能な方のみを対象とさせていただきます。

Sheet ２区10班
A1: {=MID(CELL("filename",A1),FIND("]",CELL("filename",A1))+1,255)} -> ２区10班 | C1: ='１区１班'!C1 -> Ｒ８年度 敬老祝い品 受取り対象者 聞き取り票 | F1: 10
A2: No. | B2: 世帯代表者 | C2: 対象者氏名（現在のご年齢） | E2: 備考
A3: 0 | B3: 駒寄太郎（例➡） | C3: 対象者 ☑あり □なし | D3: 駒寄次郎(76)、花子(74) ※花子：11月で満75才 | E3: □受取り辞退・理由等 ☑その他 留守のときは○○宅に預けてください
A4: 1 | B4: 金井六平 | C4: 対象者 ■あり □なし | D4: 金井六平 | E4: □受取り辞退・理由等 □その他
A5: 2 | B5: 小池弘 | C5: 対象者 ■あり □なし | D5: 小池弘 小池晃子 | E5: □受取り辞退・理由等 □その他
A6: 3 | B6: 多和エイ子 | C6: 対象者 ■あり □なし | D6: 多和エイ子 | E6: □受取り辞退・理由等 □その他
A7: 4 | B7: 橋本尚弥 | C7: 対象者 □あり □なし | E7: □受取り辞退・理由等 □その他
A8: 5 | B8: 藤巻明子 | C8: 対象者 ■あり □なし | D8: 藤巻明子 | E8: □受取り辞退・理由等 □その他
A9: 6 | B9: 鈴木由美子 | C9: 対象者 □あり □なし | E9: □受取り辞退・理由等 □その他
A10: 7 | B10: 澤藤成穂 | C10: 対象者 ■あり □なし | D10: 澤藤成穂 澤藤年子 | E10: □受取り辞退・理由等 □その他
A11: 8 | B11: 中島京子 | C11: 対象者 ■あり □なし | D11: 中島京子 | E11: □受取り辞退・理由等 □その他
A12: 9 | B12: 軍司由利子 | C12: 対象者 ■あり □なし | D12: 軍司由利子 | E12: □受取り辞退・理由等 □その他
A13: 10 | B13: 内田純久 | C13: 対象者 ■あり □なし | D13: 内田純久 | E13: □受取り辞退・理由等 □その他
A14: 11 | B14: 稲葉政志 | C14: 対象者 □あり □なし | E14: □受取り辞退・理由等 □その他
A15: 12 | C15: 対象者 □あり □なし | E15: □受取り辞退・理由等 □その他
A16: 13 | C16: 対象者 □あり □なし | E16: □受取り辞退・理由等 □その他
A17: 14 | C17: 対象者 □あり □なし | E17: □受取り辞退・理由等 □その他
A18: 15 | C18: 対象者 □あり □なし | E18: □受取り辞退・理由等 □その他
A19: 16 | C19: 対象者 □あり □なし | E19: □受取り辞退・理由等 □その他
A21: ＊ | B21: 評議員さんへのお願い
B22: ='１区１班'!B22 -> 所属班の各世帯から聞き取った内容を本用紙に記入し、９月６日の定例会に必ずご持参ください。
B23: ='１区１班'!B23 -> ※既に対象者氏名が印刷されている方については年齢の記入不要です。
A25: ＊ | B25: 敬老祝い品 受取り対象者は、下記①～③を満たす方です。
B26: ='１区１班'!B26 -> ① 駒寄町内会会員であること（世帯代表者および同一生計者）
B27: ='１区１班'!B27 -> ※長期入院、ホーム長期入居者は対象外となります。
B28: ='１区１班'!B28 -> ② 昭和26年（1951年）12月31日以前生れの方（2026年12月31日時点で75歳以上の方）
B29: ='１区１班'!B29 -> ③ 敬老の日（9月21日午前中）祝い品（お赤飯を）お受け取り可能な方
B30: ='１区１班'!B30 -> ※お赤飯は食品につき、当日受け取り可能な方のみを対象とさせていただきます。

Sheet ２区11班
A1: {=MID(CELL("filename",A1),FIND("]",CELL("filename",A1))+1,255)} -> ２区11班 | C1: ='１区１班'!C1 -> Ｒ８年度 敬老祝い品 受取り対象者 聞き取り票 | F1: 8
A2: No. | B2: 世帯代表者 | C2: 対象者氏名（現在のご年齢） | E2: 備考
A3: 0 | B3: 駒寄太郎（例➡） | C3: 対象者 ☑あり □なし | D3: 駒寄次郎(76)、花子(74) ※花子：11月で満75才 | E3: □受取り辞退・理由等 ☑その他 留守のときは○○宅に預けてください
A4: 1 | B4: 赤荻忠幸 | C4: 対象者 □あり □なし | E4: □受取り辞退・理由等 □その他
A5: 2 | B5: 山下信子 | C5: 対象者 □あり □なし | D5: 山下信子 | E5: □受取り辞退・理由等 □その他
A6: 3 | B6: 伊藤一樹 | C6: 対象者 □あり □なし | D6: 伊藤静江 | E6: □受取り辞退・理由等 □その他
A7: 4 | B7: 志田武 | C7: 対象者 □あり □なし | D7: 須藤滉（ﾀｹｼ） | E7: □受取り辞退・理由等 □その他
A8: 5 | B8: 熊本義明 | C8: 対象者 □あり □なし | D8: 熊本義明 | E8: □受取り辞退・理由等 □その他
A9: 6 | B9: 三橋眞弓 | C9: 対象者 □あり □なし | E9: □受取り辞退・理由等 □その他
A10: 7 | B10: 山田つるゑ | C10: 対象者 □あり □なし | D10: 山田つるゑ | E10: □受取り辞退・理由等 □その他
A11: 8 | B11: 渡邊俊郎 | C11: 対象者 □あり □なし | D11: 渡邊俊郎 | E11: □受取り辞退・理由等 □その他
A12: 9 | B12: 松村和彦 | C12: 対象者 □あり □なし | D12: 松村和彦 松村敏江 | E12: □受取り辞退・理由等 □その他
A13: 10 | B13: Mr.Fesus & Mrs.Claudia | C13: 対象者 □あり □なし | E13: □受取り辞退・理由等 □その他
A14: 11 | C14: 対象者 □あり □なし | E14: □受取り辞退・理由等 □その他
A15: 12 | C15: 対象者 □あり □なし | E15: □受取り辞退・理由等 □その他
A16: 13 | C16: 対象者 □あり □なし | E16: □受取り辞退・理由等 □その他
A17: 14 | C17: 対象者 □あり □なし | E17: □受取り辞退・理由等 □その他
A18: 15 | C18: 対象者 □あり □なし | E18: □受取り辞退・理由等 □その他
A19: 16 | C19: 対象者 □あり □なし | E19: □受取り辞退・理由等 □その他
A21: ＊ | B21: 評議員さんへのお願い
B22: ='１区１班'!B22 -> 所属班の各世帯から聞き取った内容を本用紙に記入し、９月６日の定例会に必ずご持参ください。
B23: ='１区１班'!B23 -> ※既に対象者氏名が印刷されている方については年齢の記入不要です。
A25: ＊ | B25: 敬老祝い品 受取り対象者は、下記①～③を満たす方です。
B26: ='１区１班'!B26 -> ① 駒寄町内会会員であること（世帯代表者および同一生計者）
B27: ='１区１班'!B27 -> ※長期入院、ホーム長期入居者は対象外となります。
B28: ='１区１班'!B28 -> ② 昭和26年（1951年）12月31日以前生れの方（2026年12月31日時点で75歳以上の方）
B29: ='１区１班'!B29 -> ③ 敬老の日（9月21日午前中）祝い品（お赤飯を）お受け取り可能な方
B30: ='１区１班'!B30 -> ※お赤飯は食品につき、当日受け取り可能な方のみを対象とさせていただきます。

Sheet ２区12班
A1: {=MID(CELL("filename",A1),FIND("]",CELL("filename",A1))+1,255)} -> ２区12班 | C1: ='１区１班'!C1 -> Ｒ８年度 敬老祝い品 受取り対象者 聞き取り票 | F1: 1
A2: No. | B2: 世帯代表者 | C2: 対象者氏名（現在のご年齢） | E2: 備考
A3: 0 | B3: 駒寄太郎（例➡） | C3: 対象者 ☑あり □なし | D3: 駒寄次郎(76)、花子(74) ※花子：11月で満75才 | E3: □受取り辞退・理由等 ☑その他 留守のときは○○宅に預けてください
A4: 1 | B4: 宮川雅之 | C4: 対象者 □あり ■なし | D4: 宮川光枝 | E4: □受取り辞退・理由等 □その他
A5: 2 | B5: 中島祐子 | C5: 対象者 □あり □なし | E5: □受取り辞退・理由等 □その他
A6: 3 | B6: 西田裕亮 | C6: 対象者 □あり □なし | E6: □受取り辞退・理由等 □その他
A7: 4 | B7: 菅原憲治 | C7: 対象者 □あり □なし | E7: □受取り辞退・理由等 □その他
A8: 5 | B8: 三浦豊治 | C8: 対象者 □あり □なし | E8: □受取り辞退・理由等 □その他
A9: 6 | B9: 水内美治 | C9: 対象者 □あり □なし | E9: □受取り辞退・理由等 □その他
A10: 7 | B10: 長沼千賀子 | C10: 対象者 ■あり □なし | D10: 長沼千賀子 | E10: □受取り辞退・理由等 □その他
A11: 8 | B11: 中原真一 | C11: 対象者 □あり □なし | E11: □受取り辞退・理由等 □その他
A12: 9 | B12: 利根川剛士 | C12: 対象者 □あり □なし | E12: □受取り辞退・理由等 □その他
A13: 10 | B13: 濱野裕史 | C13: 対象者 □あり □なし | E13: □受取り辞退・理由等 □その他
A14: 11 | C14: 対象者 □あり □なし | E14: □受取り辞退・理由等 □その他
A15: 12 | C15: 対象者 □あり □なし | E15: □受取り辞退・理由等 □その他
A16: 13 | C16: 対象者 □あり □なし | E16: □受取り辞退・理由等 □その他
A17: 14 | C17: 対象者 □あり □なし | E17: □受取り辞退・理由等 □その他
A18: 15 | C18: 対象者 □あり □なし | E18: □受取り辞退・理由等 □その他
A19: 16 | C19: 対象者 □あり □なし | E19: □受取り辞退・理由等 □その他
A21: ＊ | B21: 評議員さんへのお願い
B22: ='１区１班'!B22 -> 所属班の各世帯から聞き取った内容を本用紙に記入し、９月６日の定例会に必ずご持参ください。
B23: ='１区１班'!B23 -> ※既に対象者氏名が印刷されている方については年齢の記入不要です。
A25: ＊ | B25: 敬老祝い品 受取り対象者は、下記①～③を満たす方です。
B26: ='１区１班'!B26 -> ① 駒寄町内会会員であること（世帯代表者および同一生計者）
B27: ='１区１班'!B27 -> ※長期入院、ホーム長期入居者は対象外となります。
B28: ='１区１班'!B28 -> ② 昭和26年（1951年）12月31日以前生れの方（2026年12月31日時点で75歳以上の方）
B29: ='１区１班'!B29 -> ③ 敬老の日（9月21日午前中）祝い品（お赤飯を）お受け取り可能な方
B30: ='１区１班'!B30 -> ※お赤飯は食品につき、当日受け取り可能な方のみを対象とさせていただきます。
